project,panel
225744,LS4
164884,ID1
164521,ID1
164823,ID1
166975,ID1
165104,ID1
167696,ID1
147421,ID1
225648,PE7
174949,PE6
156866,ID1
171871,LS4
221577,PE7
150550,ID1
159726,ID1
169675,PE6
165636,ID1
146332,ID1
217545,PE1
224081,PE1
225716,PE4
217816,PE6
174666,LS6
219691,PE8
185089,LS7
225735,PE8
174652,PE5
184931,PE1
224054,PE5
172761,PE8
225736,SH6
220264,SH6
171826,PE2
218931,PE9
223866,PE10
220416,LS7
173024,PE3
172221,PE6
222601,SH4
184499,PE8
173047,LS1
223075,SH3
221644,PE8
217480,SH4
219073,LS3
218654,PE7
223148,LS6
184771,LS3
219075,PE3
172786,SH2
170870,PE6
172988,PE10
170120,LS3
224116,PE10
222711,LS2
184764,SH3
217888,PE6
220275,LS7
221329,PE10
185394,SH6
223710,SH3
224035,SH3
219377,LS6
216253,PE6
225705,LS6
176379,LS1
185601,LS5
175550,LS1
225679,PE6
172924,PE6
220715,PE9
222472,PE3
221250,PE5
220638,PE8
225706,LS8
185121,SH6
175006,SH6
185430,PE8
221243,SH5
172261,LS9
215393,LS7
221333,LS2
222330,LS8
220519,PE1
170836,PE2
222134,SH2
174665,SH2
220277,SH3
225681,SH1
185569,PE2
219693,LS8
225675,SH3
222279,PE9
221295,SH3
172447,PE10
225740,LS5
220995,SH6
173877,PE7
173830,PE2
225712,PE6
220243,LS8
215157,LS2
173362,PE5
225688,SH5
220523,PE10
223183,SH5
225733,PE10
218280,PE9
173431,SH6
218267,LS2
221575,LS1
184824,PE3
223647,SH6
225676,SH5
173958,PE2
184523,LS8
225689,SH3
173929,SH2
221557,PE3
219395,LS1
224168,PE9
171946,SH2
173435,PE6
216030,SH1
225674,LS7
220403,LS7
224073,LS2
172870,PE8
225708,PE6
217528,LS4
215478,SH2
185591,PE6
225746,LS1
173448,SH1
174996,SH1
217492,LS5
185670,PE8
176284,SH5
215290,LS3
143737,LS8
143740,LS9
143742,SH6
143743,PE4
143744,PE3
143745,PE4
143746,PE4
143747,PE4
143755,LS7
143756,LS7
143757,LS8
143758,LS7
143759,LS6
143760,LS8
143761,LS3
143762,LS2
143763,LS4
143764,SH5
143766,PE4
143767,PE8
143768,PE10
143769,PE1
225748,PE7
143771,PE5
143774,PE2
143778,PE6
143780,PE10
143781,PE8
143782,PE5
143783,PE6
143784,PE3
144015,SH4
144016,SH4
144017,SH6
144023,SH1
144031,SH1
144034,SH6
144037,SH1
144038,SH1
144040,SH4
144053,SH2
144073,LS7
144170,PE6
144172,SH2
144175,SH3
144176,PE2
144188,LS9
144190,PE6
225741,SH3
144201,LS2
144202,SH5
144241,LS8
144252,LS5
144254,LS5
144259,PE1
144260,PE9
144261,LS5
144262,LS6
144264,SH4
144265,PE9
144266,SH1
144277,SH4
144278,LS5
144279,SH1
144299,PE6
144302,PE2
144322,SH4
144323,LS7
144331,PE1
144335,PE9
144350,PE2
144358,LS9
144359,LS4
144365,PE5
144367,LS6
144368,LS9
144369,PE7
144384,PE1
145717,PE4
145721,LS7
145722,PE8
145725,PE8
145730,SH3
145733,LS6
145735,LS1
145743,PE7
145765,PE8
145766,LS4
145789,LS2
145799,PE1
145804,SH1
145805,LS6
145809,LS1
145811,LS2
145813,PE2
145815,LS2
145816,SH2
145817,PE5
145818,PE9
145866,SH4
145873,LS4
145875,PE5
145892,LS8
145900,LS8
145907,SH4
145917,SH2
145925,SH1
145927,PE7
145946,LS8
145965,PE2
145987,SH2
145988,SH4
145989,LS6
145996,SH6
145997,PE8
146020,PE8
146028,PE10
146030,PE10
146066,PE7
146085,LS7
146090,LS8
146091,PE2
146111,PE2
146122,PE8
146123,LS6
146135,PE5
146167,SH5
146168,LS7
146197,LS8
146212,LS3
146225,SH2
146226,PE4
146227,PE5
146256,LS7
146319,PE2
146321,PE4
146326,SH4
160240,ID1
146334,PE5
146418,LS5
146419,SH6
146481,SH3
146502,PE6
146503,LS2
146718,LS9
147132,LS4
147138,SH4
147167,PE3
147179,SH2
147180,PE6
147181,PE2
147202,SH6
147204,LS4
147205,LS3
147206,LS5
147207,LS8
147229,LS5
147237,PE3
147238,PE5
147253,SH2
147254,SH2
147304,SH5
147308,LS7
147330,PE10
147331,PE10
147332,PE4
147337,LS6
147338,LS9
147340,PE3
147342,PE6
147343,PE3
147354,LS3
147355,SH4
147362,PE3
147363,PE3
147364,PE5
147365,LS4
225678,SH3
147390,SH1
147392,LS5
147393,PE3
147394,LS1
147407,PE10
147409,SH2
147417,LS1
147418,LS7
147420,SH2
155656,ID1
147422,PE10
147424,LS8
147428,SH6
147432,LS6
147434,LS9
147761,LS5
147769,SH4
147785,LS4
147789,LS6
147791,PE6
147797,LS1
147798,PE2
147799,SH1
147808,SH4
147820,LS2
147829,LS3
147830,LS8
170951,SH2
147834,PE1
147836,PE5
147862,LS7
147865,SH1
147876,SH5
147880,LS6
147884,LS4
147898,LS7
147904,LS3
147906,LS8
147908,PE7
147922,SH5
147925,SH4
147927,LS1
147928,SH6
147934,SH4
147935,PE3
147942,PE4
147944,SH4
147945,LS4
147947,LS3
147948,LS1
147949,LS7
147951,LS4
147952,PE8
147953,PE9
147954,PE2
147955,PE1
147956,PE10
218413,PE7
147958,PE5
147959,PE4
147960,LS9
147961,LS4
147962,LS2
147963,LS2
147964,LS7
225685,PE8
147966,PE8
147967,PE4
147968,PE8
147969,PE5
147974,LS2
148014,PE7
148091,PE1
148094,LS3
148120,SH4
225739,SH6
148137,LS6
148139,LS7
148155,SH3
148156,SH4
148158,LS3
148162,PE7
148163,SH3
148164,LS3
148168,PE1
148176,LS4
148178,LS3
148182,LS3
148187,LS1
148188,LS1
148189,LS1
148198,LS9
148200,SH4
148233,SH4
148239,PE5
148243,PE5
148244,SH1
148248,LS8
148255,LS1
148256,LS6
148257,LS2
148258,SH3
148264,PE8
148265,PE1
148271,PE6
148284,LS5
148286,LS7
148317,LS8
148318,LS2
215873,LS6
148325,SH4
148337,SH1
148338,PE3
148339,LS7
148344,SH4
148345,LS5
148346,PE7
148350,LS8
148359,PE8
148360,LS7
148366,SH4
148370,PE6
148371,PE2
148638,PE1
148640,SH5
148641,LS4
148690,PE1
148691,PE5
148693,PE4
148704,PE1
148705,PE4
148708,SH1
148713,SH2
148714,SH4
148715,SH2
148716,SH1
148729,PE2
148954,SH2
148961,LS8
148963,SH4
148973,PE2
148975,LS7
148976,PE9
148980,LS6
148984,PE8
148989,PE6
148990,PE5
148994,PE4
148995,PE6
148997,LS8
148998,LS7
149000,PE7
164957,ID1
164571,ID1
149005,PE1
149006,LS7
149007,LS4
149008,LS2
149009,PE6
165433,ID1
149020,PE10
149021,PE3
149027,PE10
149031,PE2
149032,PE8
149035,PE8
149037,SH3
149039,PE5
149040,PE10
149041,PE6
149042,PE2
149043,PE10
149044,PE2
149045,PE1
149049,PE6
149057,SH1
149061,LS6
149063,SH2
223844,LS7
149067,LS9
149077,PE6
149078,SH5
225717,SH5
149080,LS9
149082,PE2
149083,PE6
149084,PE5
149085,PE4
149086,LS8
149090,LS5
149091,PE10
149092,LS9
149093,SH3
149094,PE5
149095,SH6
149096,LS8
149097,PE10
149098,PE7
149099,PE1
149101,SH4
149102,PE2
149103,PE1
149104,PE4
149105,PE6
149106,LS5
150161,SH3
150162,SH5
150163,PE1
150168,SH5
150169,LS2
150170,SH4
150177,SH2
150182,PE5
150190,SH6
150191,LS4
150192,PE3
150194,LS1
150196,PE6
150199,LS1
150203,LS1
150209,LS7
150211,LS1
150212,PE4
150330,LS9
150332,LS3
150334,PE8
150335,SH6
150350,LS2
150354,LS5
150469,PE10
150470,PE5
150477,PE5
150496,LS7
150500,PE6
150507,SH6
150510,LS8
150513,PE1
150516,LS1
150517,LS4
218908,PE5
175749,SH3
221331,LS2
150543,LS1
150545,PE2
150547,SH2
150548,PE2
150549,PE10
225734,PE8
150773,PE1
150775,LS7
150780,SH2
150781,LS3
150782,PE6
150784,PE8
150817,PE10
150819,PE1
150820,PE6
150827,PE3
150843,PE2
150865,LS6
150872,PE6
150957,PE3
150958,PE3
150961,PE7
150962,SH5
150978,PE5
172884,PE9
151279,PE1
151391,PE3
151425,PE1
225727,PE9
151548,SH1
151674,PE5
151805,PE1
151915,LS1
151968,SH2
152049,PE10
218603,SH2
152555,LS9
152556,LS9
216070,LS9
152582,PE1
152801,PE5
152855,PE4
152856,PE6
152933,LS7
152935,LS7
152969,PE4
152972,LS9
152973,PE9
152976,LS2
152992,PE8
152995,PE1
153236,SH5
153249,SH2
155015,LS1
155021,PE10
155022,SH1
155023,PE9
155038,SH2
155039,SH5
155040,LS3
155042,PE9
155053,LS7
155058,LS4
155062,SH4
155071,LS6
155104,LS1
155108,LS2
155117,LS3
155118,LS1
155120,LS2
155127,LS3
155128,LS4
155130,LS2
155131,LS1
155140,LS4
155142,LS1
155150,LS2
155151,PE10
155152,PE5
155153,PE8
155157,LS1
155159,LS3
155160,LS2
155161,LS6
155163,PE10
155200,LS9
155204,LS6
155210,PE8
155211,SH2
155217,LS7
155240,LS9
175643,LS2
155283,SH3
155312,PE6
155318,PE5
155322,SH2
155324,PE10
155328,LS8
155340,LS5
155345,SH4
155350,SH6
155387,SH5
155554,SH1
155555,SH1
155556,LS6
155557,SH2
155558,SH1
155559,PE5
155560,PE7
155561,LS3
155562,LS3
155563,SH2
155564,PE5
155565,PE6
155566,LS1
155567,SH1
155568,PE8
155569,PE9
155570,SH1
155571,LS1
155572,SH5
155573,PE7
155574,SH2
155575,SH6
155576,PE4
155577,PE4
155578,PE8
155579,PE1
155580,PE2
155581,PE8
155582,LS1
155583,LS8
155584,SH2
155585,SH2
155586,PE2
155587,SH2
166842,ID1
155589,PE4
155590,LS1
155591,PE2
155592,PE7
155593,LS2
155594,SH1
155595,LS6
155596,PE3
155597,SH4
155598,SH4
155599,LS2
155600,PE8
155601,LS1
155602,LS5
218525,PE8
155604,PE9
170627,LS4
155606,PE10
155607,PE2
155608,PE4
155609,SH5
155610,PE8
155611,PE7
155612,LS3
155613,PE6
155614,LS2
155615,SH1
155616,SH5
155617,SH2
155618,LS1
155619,LS8
155620,PE2
155621,LS6
155622,LS2
155623,PE2
155624,SH3
155625,PE5
155626,PE8
155627,LS4
155628,LS7
155629,LS3
155631,LS1
155632,LS2
155633,LS8
155634,PE1
155635,SH4
155636,SH1
155637,PE7
155638,LS7
155640,SH2
155641,PE2
155642,SH1
155643,LS3
155644,SH2
155645,LS4
155646,SH3
155647,PE3
155648,LS1
155649,PE5
155651,PE1
155652,LS9
155653,SH2
155654,PE1
155655,LS2
170570,LS1
155657,SH3
155658,LS5
155659,SH4
155660,PE2
155661,SH4
155662,PE10
155663,PE1
155664,PE5
155665,LS9
155666,LS8
155667,LS9
155668,SH1
155669,LS6
155670,LS1
155671,LS6
155672,LS7
155673,PE3
155674,SH4
155675,SH6
155677,LS4
155678,PE6
155679,PE1
155680,LS5
155681,SH2
171869,PE2
155683,PE6
155684,PE7
155685,PE2
155686,PE1
155687,SH5
155688,PE1
155689,PE2
155690,PE4
155691,PE8
155692,LS4
155693,LS8
155694,PE6
155695,SH6
155696,PE10
155697,SH1
155698,LS7
155699,PE8
155700,PE2
155701,LS2
155702,SH5
155703,PE2
155704,LS7
155706,PE9
155707,LS9
155708,LS2
155709,SH1
155710,LS8
155711,SH1
155712,SH2
155713,PE9
155714,SH4
155715,LS7
155716,PE8
155717,LS6
155718,PE6
155719,SH4
155720,SH5
155721,LS7
155722,SH1
155723,LS5
155724,LS7
155725,PE2
155726,SH3
155727,SH6
155728,LS8
155729,PE5
155730,SH3
155731,LS5
155771,PE8
155772,LS7
155775,PE1
155781,PE9
155783,PE6
155784,PE1
155792,SH3
156177,SH1
156222,SH1
156223,PE1
156224,SH3
156225,PE4
156226,PE1
156228,LS7
156229,PE9
156230,SH2
156231,PE7
156232,PE1
171969,LS8
156234,PE1
156244,LS1
156252,PE2
218270,LS4
156266,PE7
156268,PE6
156269,LS5
156270,LS6
156275,SH2
156278,PE6
156283,PE10
156288,PE4
222460,LS4
156295,SH6
223661,SH1
156299,PE2
156309,SH6
156317,LS3
156318,LS2
156319,PE9
156320,PE1
156790,SH4
156791,LS9
156792,LS5
156793,LS4
156794,SH6
156797,PE1
156798,PE2
156800,SH2
156844,PE2
156854,SH4
156857,PE3
156858,PE4
156862,LS4
156864,PE7
156867,SH1
156873,LS3
156889,SH2
156893,PE9
156906,PE8
156908,PE3
156909,PE3
156917,PE6
156925,LS7
156943,LS9
156948,SH4
156949,PE4
156950,SH2
156953,SH4
156958,PE9
156960,PE9
156961,SH1
156962,LS8
165008,ID1
156994,PE8
157003,SH3
157007,PE7
157011,PE1
157012,LS3
157013,LS4
157019,PE9
147965,ID1
157028,LS6
157038,SH2
157095,SH6
157100,LS2
157103,LS6
157107,SH6
157109,PE10
157112,SH3
157114,PE3
157116,LS7
157120,PE5
157122,LS6
157123,PE10
157127,PE10
157133,PE4
157134,SH1
157140,LS1
157141,SH2
157144,LS9
157152,PE4
157155,SH4
157160,PE7
157161,PE1
157163,SH6
157164,PE1
157165,PE4
157168,LS1
157170,PE9
157172,LS5
157178,PE2
157180,LS3
157181,LS7
157183,LS4
157190,LS6
157191,PE3
157192,LS2
157193,LS7
157194,PE10
157195,PE6
157196,LS5
157198,LS8
157199,PE10
157208,LS3
157212,LS7
157219,SH4
157225,SH4
157229,SH2
157230,PE10
157231,LS3
157234,SH2
157239,PE9
157243,SH5
157249,LS5
157250,LS7
157251,PE3
157253,PE2
157255,LS4
157256,LS6
157265,LS8
157266,SH3
157270,PE8
157271,PE9
157281,PE8
157286,LS6
157288,LS8
157289,PE8
157292,LS7
157295,PE6
157297,SH3
157300,SH5
157304,SH2
157306,SH3
157312,PE2
157322,PE3
157323,SH2
157324,LS3
157325,LS3
157329,LS4
157330,LS7
157334,PE6
157336,PE1
157341,SH4
157342,PE6
157349,PE6
157352,PE5
157356,LS6
157361,LS5
157364,PE6
157369,PE4
157370,LS9
157376,LS6
157381,LS1
157389,PE2
157392,PE6
157411,PE3
157414,SH4
157417,LS2
157421,LS9
157427,SH5
157432,PE10
157442,LS8
157447,PE5
157452,LS7
157464,LS7
157466,SH6
157476,PE1
157481,PE9
157508,PE4
157509,SH5
157518,PE6
157521,PE3
157523,SH2
157533,PE9
157548,LS8
157549,LS1
157566,SH2
157820,SH2
157969,SH3
158079,PE1
158090,PE10
158128,PE10
158129,PE9
158145,LS9
158146,LS2
158165,PE10
158170,SH1
158182,LS2
158189,LS7
158200,SH1
158206,PE2
158214,LS8
158227,LS6
158229,PE8
158246,SH2
158260,LS8
158261,SH1
158273,PE5
158278,SH1
158285,SH4
158293,LS8
158304,SH2
158307,LS3
158317,PE2
158320,LS5
158323,LS2
158332,PE5
158340,SH6
158349,LS4
158354,PE4
158357,PE1
158358,PE7
158362,LS8
158366,PE7
158370,SH3
158373,LS5
158385,LS6
158414,PE10
158422,LS7
158426,SH3
158427,PE2
158433,LS2
158440,PE3
158442,LS9
158448,PE8
158467,SH3
158476,SH6
158478,SH5
158479,LS4
158482,LS4
158483,LS7
158490,LS6
158491,LS8
158492,SH1
158495,LS9
158496,LS3
158499,SH6
158506,LS1
158509,PE9
158510,LS6
158513,SH1
158516,PE3
158518,SH1
158520,PE2
158525,PE8
158527,PE5
158528,LS4
158530,PE9
158533,SH6
158538,LS8
158540,LS1
158543,SH5
158547,SH4
158551,SH5
158553,PE8
158555,SH4
158560,LS2
158565,LS1
158567,PE8
158571,PE10
158572,SH3
158573,LS7
158576,LS2
158577,PE4
158579,PE6
158583,PE3
158584,LS1
158587,PE2
158588,LS8
158589,PE7
158592,PE5
158593,LS6
158594,PE3
158597,SH1
158598,LS5
158599,PE7
158602,LS4
158604,PE8
158605,PE9
158606,PE7
158607,LS8
158608,PE2
158610,LS7
158611,LS9
158613,LS6
158614,LS6
158615,PE9
158616,LS5
158617,LS5
158618,PE8
158621,PE1
158622,LS5
158625,LS3
158626,SH2
158627,PE7
158628,LS4
158629,LS4
158630,LS9
158631,PE5
158632,PE4
158634,LS3
158638,PE4
158639,LS4
158640,LS4
158642,PE6
158645,LS5
158646,PE9
158649,LS7
158650,PE5
158653,PE6
158654,PE10
158655,PE9
158656,SH2
158662,PE5
158663,LS2
158666,LS7
158672,LS1
158673,LS4
158684,LS5
158689,PE6
158691,LS1
158692,PE6
158695,SH6
158697,PE3
158698,LS1
158702,PE9
158705,LS1
158706,LS5
158709,LS3
158713,LS5
158722,LS1
158724,LS3
158726,PE6
158729,PE7
158731,SH6
158736,LS2
158738,PE7
158748,LS8
158753,PE3
158754,LS6
158759,LS4
158764,SH3
158765,PE1
158766,PE5
158767,PE6
158768,LS1
158778,SH6
158784,PE6
158785,PE7
158789,PE1
158796,LS7
158798,LS6
158808,PE6
158811,LS5
158815,LS9
158816,LS2
158818,SH2
158834,PE4
158839,SH4
158846,PE8
158847,PE3
158848,PE5
158856,LS7
158860,PE8
158862,PE2
158867,SH5
158870,PE2
158875,PE9
158876,LS6
158879,LS5
158882,LS1
158892,LS4
158894,PE1
158899,PE6
158901,LS3
158905,PE2
158908,PE6
158910,LS3
158912,PE2
158913,LS3
158920,PE5
158924,LS1
158929,LS6
158930,PE5
158934,LS1
158936,LS6
158943,PE3
158950,LS5
158963,LS2
158970,LS7
158971,SH6
158979,PE6
158981,LS7
158998,PE2
159000,LS6
159006,PE2
159012,LS8
159014,PE8
159016,SH4
159019,PE3
159022,SH1
159030,PE2
159031,PE6
159035,SH3
159038,LS1
159044,PE3
159045,PE3
159048,LS8
159049,PE10
159051,SH6
159053,PE1
159055,LS8
159062,PE9
159063,PE3
159073,PE2
159077,LS7
159078,PE5
159079,PE3
159091,LS9
159092,LS5
159095,PE8
159098,LS5
159100,LS2
159102,LS2
159104,LS3
159107,PE1
159113,LS5
159115,LS7
159123,LS1
159126,SH1
159130,PE3
159132,PE1
159135,LS6
159143,LS6
159145,LS4
159148,LS6
159149,LS1
159150,LS8
159153,PE4
159154,SH6
159161,SH5
159162,PE4
159169,PE9
159179,PE6
159180,PE6
159182,PE10
159183,PE4
159184,PE9
159186,LS3
159187,SH6
159191,LS3
159194,LS2
159195,PE5
159196,PE4
159200,SH4
159202,PE1
159206,LS5
159208,PE7
159209,SH1
159210,SH3
159211,LS2
159213,LS7
159221,LS6
159233,LS4
159234,PE5
159237,PE8
159239,PE9
159246,LS2
159250,PE7
159255,PE8
159259,PE1
159261,PE10
159265,LS7
159267,SH1
159269,PE2
159270,PE5
159273,LS2
159275,LS5
159276,PE4
159279,SH3
159285,PE2
159299,LS3
159300,SH6
159302,SH6
159305,PE7
159306,PE9
159311,PE5
159314,SH6
159316,LS5
159325,LS9
159326,PE3
159332,LS3
159341,LS4
159344,PE4
159346,PE3
159347,PE1
159350,PE1
159353,SH2
159356,LS8
159367,PE5
159370,LS3
159378,PE3
159379,SH2
159384,PE2
159387,PE5
159389,SH5
159398,PE10
159401,PE1
159406,PE2
159409,LS9
159411,LS4
159419,PE5
159441,PE6
159442,PE7
159443,LS4
159444,PE1
159451,LS1
159455,LS2
159457,PE3
159464,PE1
159468,PE6
159469,LS2
159471,PE4
159478,LS6
159479,LS9
159481,PE3
159485,PE2
159488,LS3
159499,PE1
159504,LS7
159505,LS3
159513,PE6
159516,SH6
159517,PE5
159521,LS4
159522,SH6
159524,LS6
159529,LS7
159534,LS9
166226,ID1
159536,PE9
159544,LS4
159545,SH2
159546,PE2
159564,LS4
159576,PE8
159580,SH6
159584,PE10
159588,PE8
159589,LS7
159599,SH4
159600,PE1
159602,LS2
159603,SH5
159607,LS1
159609,PE7
159612,SH4
159613,PE10
159616,PE7
159619,SH6
159626,PE6
159627,PE6
159628,PE1
159632,LS5
159636,PE5
159641,PE5
159652,SH6
159653,PE5
159656,PE1
159662,LS1
159665,PE3
159666,LS7
159678,PE1
159679,PE8
159680,SH2
159682,LS8
159686,PE9
159688,LS3
159689,SH6
159693,LS6
159697,SH4
159700,PE9
159703,LS1
159709,PE3
159715,PE2
159717,PE5
166883,ID1
159737,LS3
159742,PE8
159745,LS1
159747,LS4
159748,LS9
159750,PE5
159756,PE9
159759,PE6
159760,LS5
159763,PE7
159771,PE6
159772,LS9
159783,SH1
159786,SH6
159789,LS7
159791,PE6
159796,PE6
159797,PE10
159798,LS8
159810,PE7
159811,LS6
159818,LS3
159822,PE4
159825,LS9
159826,LS5
159827,LS4
159828,LS5
159834,PE5
159838,LS4
159843,PE8
159847,LS5
159849,PE5
159859,PE9
159862,LS3
159866,PE7
159869,SH4
159870,PE8
159871,PE2
156233,ID1
159877,SH6
159881,LS1
159892,PE7
159893,SH6
159906,SH6
159908,LS2
159917,LS5
159920,PE7
159925,LS6
159930,LS4
159938,LS6
159939,PE7
159940,PE9
159942,PE3
159943,LS8
159945,LS5
159947,LS2
159951,PE3
159957,PE8
159958,SH6
159963,PE10
159967,SH4
159970,LS6
159975,PE8
159986,PE9
159987,LS4
159990,LS3
159993,PE6
159998,LS7
160002,PE5
160003,SH6
160004,PE8
160005,LS8
160010,LS7
160011,LS9
160012,PE4
160013,PE10
160015,LS7
160025,LS5
160038,LS5
160043,LS4
160044,PE8
160045,PE4
160058,SH1
160061,PE2
160062,PE4
160067,LS3
160070,LS4
160071,PE2
160073,PE5
160075,PE8
160077,SH6
160078,PE6
160081,LS7
160084,LS4
160085,SH3
160086,PE2
160087,LS5
160089,LS9
160095,LS4
160096,LS3
160097,LS4
160098,PE9
160101,PE10
160103,LS7
160108,PE6
160110,PE6
166082,ID1
160112,PE4
160115,PE7
160116,PE10
160119,PE1
160120,LS4
160121,LS6
160128,PE3
160130,LS3
160131,LS5
160135,LS2
160136,PE8
160138,LS1
160145,PE3
160151,SH2
160157,LS6
160160,LS3
160161,LS2
160168,LS5
160169,SH1
160177,PE10
160179,LS7
160181,LS7
160187,PE8
165645,ID1
160194,PE9
160196,LS7
160197,PE5
160198,SH5
160200,SH4
160201,SH3
160203,LS8
160204,PE2
160210,PE10
160215,PE1
160216,PE10
160223,PE1
160224,LS1
160230,SH6
160232,LS3
160236,SH1
160238,PE5
225738,LS7
160242,SH2
160248,PE9
160250,PE2
160256,PE3
160257,LS5
160258,SH5
160261,SH2
160262,PE5
160266,LS3
160268,LS1
160273,SH3
160276,SH1
160278,PE9
160279,PE7
160285,PE2
160286,LS5
160287,PE1
160291,PE7
160293,LS4
160294,PE6
160303,LS2
160304,PE10
160308,LS1
160312,LS3
164083,SH1
164084,PE8
164085,PE4
164086,PE7
164088,LS9
164089,PE3
164090,LS5
164091,PE1
164092,PE6
164094,LS3
164096,LS7
164099,LS1
164101,PE3
164103,SH1
164105,PE2
164106,LS7
164107,PE8
164109,PE3
164110,PE6
164115,SH1
164116,PE3
164117,PE3
164118,PE2
164119,PE3
164120,PE3
164121,PE1
164122,PE4
164123,PE5
164125,SH1
164126,LS7
164128,PE4
164129,PE5
164130,PE9
164131,LS8
164133,PE4
164135,PE5
164136,LS5
164137,SH1
164138,PE3
164139,PE10
164141,LS5
164143,LS1
164145,PE3
164147,SH4
164149,SH5
164150,LS6
164151,SH6
164152,SH2
164154,SH1
184475,PE2
164158,PE8
164159,SH2
164162,PE5
164163,PE5
164165,PE2
164166,PE5
164168,PE10
164170,PE3
164171,LS7
164172,LS4
164173,PE6
164174,PE2
164175,SH1
164176,PE2
164177,PE3
164179,PE8
164182,SH4
164183,LS4
164185,PE6
164186,PE8
164187,PE6
164190,SH1
164191,PE5
164192,SH4
164193,PE9
164194,PE8
164195,PE1
164198,PE3
164200,PE8
164203,SH4
164205,LS7
164206,LS6
164209,PE5
164210,PE2
164211,PE2
164213,PE6
164215,LS1
164216,PE1
164218,PE2
164219,LS3
164221,LS3
176336,LS6
164225,PE9
164226,LS8
164227,SH4
164228,PE5
164229,LS2
164233,PE8
164234,LS4
164235,PE10
164236,LS4
164237,LS9
164238,PE5
164241,PE8
164242,PE5
164243,PE10
164244,PE4
164246,SH5
164247,PE2
164248,PE3
164250,PE8
164251,LS2
164254,LS2
164255,PE10
164256,PE4
164257,LS4
164258,PE9
164259,SH1
164260,PE6
164262,PE9
164263,PE3
164265,SH2
164267,SH1
164268,PE2
164270,LS5
164271,PE3
164273,PE3
164275,PE3
164276,LS5
164278,SH2
164279,SH3
164280,PE5
164281,LS5
164283,PE6
164285,LS7
164286,SH4
164287,LS7
164288,LS2
164289,LS5
164291,LS8
164292,PE3
164293,LS2
164296,PE2
164297,PE7
164299,PE9
164300,PE5
164302,PE2
164303,SH1
164304,PE10
164305,LS7
164306,PE1
164307,LS5
164308,PE2
164309,PE2
164310,PE6
164311,PE2
185573,SH3
164313,PE6
164314,PE5
164315,PE4
164316,PE10
164319,LS4
164321,PE7
164322,PE7
164324,PE6
164326,LS7
164329,PE4
225742,PE5
164331,LS1
164334,LS5
164335,PE9
164336,SH1
164339,PE5
164340,PE5
164341,PE2
164342,PE2
164344,LS9
164345,LS3
164346,PE4
164347,PE2
164349,SH4
164350,LS8
164351,PE4
164353,SH6
164355,PE3
164357,PE10
164358,LS4
164359,PE7
164360,SH4
164361,LS5
164362,LS8
164364,LS1
164366,PE4
164368,PE5
164370,SH5
164371,PE5
164372,LS1
164373,PE1
164374,SH4
164375,LS6
164376,SH6
164378,SH4
164380,SH2
164381,LS2
164382,LS7
164383,PE3
164384,PE1
164386,PE8
164389,PE8
164391,PE1
164393,SH4
164394,SH2
164395,LS5
164397,PE6
164398,LS4
149066,ID1
164400,SH2
164401,PE6
164402,PE6
164404,LS6
164405,SH4
165369,ID1
164407,LS9
164408,SH2
164409,LS5
164410,PE3
164411,PE3
164412,LS1
164413,LS4
164414,LS5
164415,SH2
164418,LS6
164420,PE7
164422,PE3
164423,LS2
164424,SH1
164425,SH5
164428,LS7
164429,SH4
164430,PE1
164432,PE4
164435,PE5
164438,LS6
164440,PE10
164441,PE8
164442,PE4
164443,PE6
164444,PE4
164445,PE2
164447,SH6
164449,LS4
164450,PE1
164451,PE8
164452,LS7
164454,PE1
164455,LS3
164457,LS6
164458,SH5
164460,PE8
164462,LS2
164463,LS9
164464,LS8
164465,LS2
164466,PE3
164467,PE2
164469,PE9
164471,SH2
164473,PE5
164475,PE9
164479,LS2
164481,LS2
164482,LS2
164483,PE1
164484,PE1
164485,SH2
164486,PE4
164487,LS3
164488,LS1
164489,PE4
164491,PE5
164493,LS5
164494,LS4
164495,SH2
167203,ID1
164497,LS3
164499,PE10
164505,LS6
164507,PE3
164508,LS5
164511,LS7
164513,PE1
164516,LS1
164517,PE3
164518,SH6
164519,PE1
164520,PE1
165450,ID1
164522,LS7
164524,LS8
164526,PE10
164527,LS1
164528,PE4
164529,PE1
164530,LS6
164533,PE4
164534,PE7
164535,LS3
164536,LS4
164537,SH4
164539,LS8
164541,PE5
164544,SH6
164545,SH6
165363,ID1
164547,LS8
164549,SH4
164550,SH2
164551,SH2
164553,LS7
164554,PE6
164555,PE7
164557,SH5
164559,PE3
164560,LS7
164562,LS7
164563,PE2
164564,LS4
164566,PE4
164567,PE1
164568,LS3
164569,PE4
166813,ID1
164573,SH4
164574,LS4
164575,PE2
164577,PE2
164578,SH2
164580,SH6
164583,LS5
164584,PE4
164585,SH5
164587,LS2
164589,PE7
164590,PE4
164592,PE2
164594,LS7
164595,PE1
164597,LS6
164598,PE7
164599,SH1
164600,PE3
164602,PE2
164603,SH2
164607,LS1
167242,ID1
164613,PE4
164614,SH4
164616,LS5
164618,SH3
164622,SH2
164624,PE8
164626,PE10
164629,LS8
164630,LS1
164632,PE5
164635,PE4
164636,PE1
164639,SH4
164641,LS5
164642,PE10
164643,SH5
164647,SH3
164648,LS7
164650,PE6
164651,PE8
164653,PE5
164654,PE2
164656,PE6
164658,LS3
164659,LS2
164662,SH4
164663,PE2
164664,LS3
164666,LS6
164667,LS7
164669,SH5
164671,PE3
164672,LS1
164674,PE1
164676,PE5
164677,LS7
164680,PE5
164682,PE4
164683,PE6
164685,PE5
164688,PE2
164691,LS4
164692,PE2
164693,LS5
164695,PE9
164696,SH4
164697,SH3
164699,PE8
164700,PE8
164701,PE5
164702,PE4
164703,LS3
151530,ID1
164706,PE10
164707,LS4
164709,SH5
164710,PE9
164711,SH5
164713,PE1
164714,PE7
164715,PE3
164717,LS4
164718,SH1
164719,PE6
164720,SH6
164722,SH4
164723,LS9
164724,PE2
164725,LS1
164726,PE5
164727,LS6
164729,PE9
164730,SH1
164732,PE6
164734,PE8
164735,PE9
176383,LS7
164739,SH2
164740,PE4
164741,LS6
164742,LS1
164744,PE1
164745,SH2
164748,PE5
164750,PE4
164751,PE1
164752,SH1
164754,PE2
164756,PE1
164757,SH5
164758,LS7
164760,SH2
164762,PE7
164764,LS2
164765,PE4
164767,SH1
164768,LS6
164770,PE10
164772,PE4
164774,SH6
164775,PE4
164777,LS7
164778,PE6
164779,SH1
171923,LS1
164781,PE1
164782,SH4
164783,LS2
164785,SH1
164787,PE10
164790,LS4
164791,PE5
220928,PE4
164794,SH4
164795,SH2
164796,LS8
225743,LS2
164798,PE10
164800,PE3
164801,PE3
164802,PE10
164803,LS6
164805,PE1
164806,LS5
175013,PE2
164808,LS3
164810,LS2
164811,PE8
220723,PE3
164815,PE1
164816,LS9
164818,PE5
164820,LS5
215310,SH5
164824,SH4
164825,LS4
164826,PE8
164831,SH4
164834,LS7
164835,PE10
164837,PE2
164838,LS2
164839,LS2
164841,LS8
164843,PE5
164844,PE5
164847,SH1
164849,LS2
164850,PE9
164851,PE2
164852,PE7
164853,LS4
164855,PE9
164857,PE6
164859,PE3
164860,LS7
164862,PE8
164863,PE1
164865,PE3
164867,LS1
164870,LS3
164872,PE4
225720,LS5
164876,LS7
164878,LS6
164879,LS1
164880,SH6
164881,PE2
164882,PE1
164883,SH2
184950,LS7
164886,PE5
164888,LS9
164889,PE8
164891,LS5
164892,PE4
164894,SH3
164897,LS2
164900,LS6
164901,LS2
164903,PE8
164907,PE9
164908,PE5
164909,PE8
164910,LS4
164912,PE2
164913,PE5
164916,PE10
164917,LS5
223575,LS7
164921,LS3
164922,PE1
164924,LS4
164925,SH6
164927,LS2
164929,PE5
164933,SH4
164934,PE4
164937,LS6
164939,PE5
164940,LS5
164943,SH3
164945,LS5
164946,LS6
164947,PE1
164948,SH1
164949,PE4
164953,PE5
164954,PE4
164955,SH4
164956,PE3
184766,PE3
164958,LS8
164959,PE1
164960,PE5
164963,LS3
164965,PE2
164967,PE8
164971,PE1
164972,PE6
164973,LS6
164974,PE2
164975,LS8
164976,SH1
164977,LS1
164978,LS5
164979,PE1
164980,LS5
218243,SH5
164982,PE1
164983,PE3
164985,LS7
164987,PE6
164988,PE1
164991,PE4
164992,PE7
164995,PE7
164997,LS7
164999,PE8
165003,PE5
165004,SH2
165005,PE9
165006,LS5
220276,SH4
165010,LS1
172419,PE4
165013,PE1
165014,LS8
165016,LS7
165017,PE5
165018,PE8
165020,PE8
165022,SH4
165023,PE5
165025,PE8
165026,SH3
165027,LS7
165028,PE10
165029,PE1
165030,SH1
165031,LS7
165033,LS9
165035,SH1
165036,SH4
165038,LS4
165039,PE10
165040,PE5
165042,PE10
165044,PE6
165045,LS4
165047,LS7
165048,SH6
165050,LS5
165051,SH5
165053,SH1
165054,PE3
165056,PE3
165063,LS4
165064,SH1
165065,SH2
165066,LS1
165068,LS1
165072,PE3
165074,PE9
165075,PE2
165076,PE9
165079,LS8
165081,PE10
165083,PE5
165084,SH6
165086,PE6
165088,LS7
165089,LS5
165091,PE8
165093,LS4
165095,LS1
165101,PE5
165102,PE2
165103,PE5
165257,ID1
165105,PE3
165106,PE4
165107,LS2
165108,LS5
165110,PE8
165112,PE8
165114,PE9
165115,LS8
165116,LS5
165117,SH2
165118,SH1
165120,LS6
165121,LS5
165122,LS6
165124,PE8
165126,LS3
165128,PE1
165129,LS6
165132,PE5
165133,PE3
165134,SH6
165136,SH2
165137,LS3
165139,SH1
165140,LS9
165141,SH6
165143,PE3
165144,PE8
165147,PE9
165148,LS3
165149,PE3
165151,LS2
165153,PE3
165154,PE4
165157,PE1
165158,LS8
165162,PE8
165164,LS1
165165,LS5
165167,PE1
165169,PE5
165172,LS8
165174,SH4
165177,LS8
165178,PE3
166423,ID1
165183,LS7
165184,SH4
165185,PE7
165186,PE3
165187,LS9
165188,PE2
165190,PE7
165191,LS8
165193,LS1
165194,LS7
165195,PE5
165197,LS5
165198,LS7
165199,PE3
165201,PE8
165203,PE1
165205,PE6
165206,PE1
165208,SH6
165209,LS8
165211,SH2
165212,SH2
165213,PE2
165215,PE2
165216,LS9
165218,PE9
165222,SH6
165224,PE2
165225,PE2
165226,LS6
165227,LS2
165228,PE8
165229,PE6
165230,SH1
165232,PE4
165233,PE2
165234,LS7
165235,PE3
165236,PE5
165238,SH6
165240,LS5
165243,SH5
165246,LS7
165247,PE1
165248,LS8
165250,LS6
165251,LS8
165253,PE7
165255,LS2
165256,SH2
149004,ID1
165259,PE7
165261,PE10
165262,PE5
165263,PE6
165264,SH2
165265,PE2
165266,SH3
165267,LS3
165268,SH4
165270,PE3
165271,PE5
165272,LS2
165276,SH6
165277,LS7
165278,PE8
165280,PE7
165282,LS9
165283,PE2
165286,PE2
165287,PE10
165289,PE4
225665,SH5
165297,PE9
165299,LS4
165300,SH2
165302,LS3
165303,SH1
165304,PE3
165305,PE3
165307,LS6
165308,PE2
165309,LS1
165310,LS1
165311,SH2
165313,PE7
165314,LS6
165315,PE2
165316,SH2
165317,PE8
165318,PE5
165320,LS1
165323,PE9
165324,PE2
165325,LS1
165326,LS3
165329,PE7
165330,PE1
165332,LS9
165333,SH1
165334,PE1
165336,PE3
165337,LS7
165338,SH6
165340,PE5
165341,SH1
165343,PE4
165344,PE3
165345,PE8
165347,PE4
165348,LS1
165350,PE9
165353,PE7
165354,PE6
165355,PE3
165356,PE8
165357,PE5
165361,PE10
225683,LS5
165364,PE5
165365,LS6
165367,LS7
165370,SH2
165372,SH6
165373,PE5
165375,LS2
165376,LS6
165378,PE2
165379,PE4
165382,PE6
165383,PE9
165384,LS4
165387,PE5
165391,PE9
165392,PE5
165393,PE2
165394,PE6
165395,LS5
165404,SH4
165405,PE2
165408,LS6
165409,SH2
165410,SH3
165411,SH2
165413,LS4
165414,PE8
165416,LS9
165417,LS2
165418,LS5
165419,PE1
165421,SH3
165422,PE8
165424,SH4
165426,PE1
165427,LS6
165428,LS2
165430,PE4
165431,LS1
165432,LS7
166329,ID1
165434,PE3
165436,PE1
165437,LS8
165438,LS4
165439,LS7
165441,PE1
165447,LS2
165448,PE1
165449,PE5
175021,LS1
165451,PE6
165452,LS8
165453,SH4
165454,PE1
165455,SH4
165456,SH1
165458,SH4
165459,PE3
165460,PE3
165462,PE2
165464,PE10
165465,SH3
165468,SH2
165470,PE6
165472,LS9
165473,PE1
225682,PE8
165475,SH2
165476,LS9
165479,LS6
165481,LS3
165483,PE1
165485,SH5
165487,PE4
165490,PE2
165491,LS2
165495,PE5
165497,PE9
165498,LS7
165501,LS3
165504,PE6
165505,LS5
165507,PE6
165508,SH2
165509,PE1
165510,LS7
165511,SH4
165512,PE4
165513,LS5
165514,SH5
165515,SH3
165516,SH2
165517,LS7
165518,PE7
165521,PE10
165522,PE3
165523,SH1
165524,SH6
165526,LS3
165527,LS3
165530,LS5
165535,LS1
165536,SH4
165538,PE3
165539,LS4
165540,LS8
165541,SH2
165543,PE2
165545,PE8
165547,SH2
165548,SH1
165549,PE9
165550,PE6
165552,LS7
165553,PE2
165554,PE4
165555,LS6
165556,SH4
165558,PE1
165560,SH6
165561,SH5
165563,LS7
165564,SH3
165566,LS2
165568,LS3
165569,SH4
165570,PE1
165573,LS6
165575,SH3
165576,LS5
165577,PE3
165580,LS6
165584,PE9
165585,PE2
165586,LS1
165589,PE7
165590,PE8
165593,PE1
165595,LS5
165596,PE8
165597,SH5
165598,LS5
225692,SH2
165600,PE1
165602,LS7
165604,LS2
165605,LS3
172395,PE7
165608,PE3
165609,PE1
165610,LS2
165612,SH1
165614,LS2
165615,SH4
165616,PE3
165617,LS7
165619,LS6
165620,SH2
165622,PE9
165623,PE7
165624,PE10
165625,LS5
165626,SH5
165627,LS6
165629,LS5
165630,SH6
165631,PE1
165632,LS3
165633,PE5
165634,LS6
165635,PE5
220678,PE2
165637,LS5
165639,SH4
165641,SH6
165643,PE3
225686,SH4
165647,LS7
165649,LS4
165650,PE6
165652,PE6
165653,PE6
165655,PE5
165656,SH1
165658,SH3
165661,LS6
184876,LS6
165665,PE1
165666,LS8
165668,PE5
165670,PE4
184479,LS7
165672,PE7
165673,LS2
165674,PE1
165675,LS4
165676,PE6
165677,SH1
165678,LS1
165679,SH6
165681,PE8
165683,SH2
165684,LS5
165686,LS9
165688,SH5
165689,LS3
165690,LS5
165691,PE9
165692,LS1
165693,PE1
165695,PE4
165696,LS5
165697,PE10
165699,SH6
165700,PE10
165701,PE2
165703,PE4
165707,PE4
165708,PE9
165710,LS1
165712,LS1
165714,PE10
165715,LS2
165717,PE1
165718,LS4
165719,PE4
165720,SH1
165721,PE2
165726,LS8
165727,SH6
165729,LS5
165730,PE1
165733,PE7
165734,PE3
165736,SH1
165737,PE1
165738,PE6
165741,PE2
225709,PE3
165743,PE7
165744,PE7
165746,LS7
165747,PE8
165749,SH4
165752,SH2
165754,PE5
165755,PE10
165757,PE3
165758,PE6
165759,PE5
165761,SH1
165762,PE3
165763,LS8
165764,PE6
165765,LS6
165769,LS7
165770,PE2
165772,PE5
165773,PE5
165775,LS9
165778,PE5
165780,PE8
165781,LS7
165783,PE9
165785,PE1
165786,PE4
165787,LS6
165789,SH3
165790,LS2
165791,LS8
165793,LS4
165794,LS2
165796,LS9
165797,LS2
165798,LS6
165799,LS6
165800,SH4
165801,SH4
165802,LS7
165804,SH2
165805,SH3
151214,ID1
165808,LS4
165810,PE4
165812,PE7
165814,PE8
165815,PE1
165816,PE5
165817,PE2
165818,PE6
165819,SH2
165820,LS4
165821,PE7
165824,LS5
165825,LS8
165826,LS5
165827,LS4
165828,LS2
165830,SH1
225690,SH2
165834,PE5
165835,PE3
165836,PE3
165838,PE10
165839,LS4
165840,SH4
165841,PE6
165842,PE4
165844,LS2
165846,PE3
165847,LS4
165848,LS6
165850,LS6
165851,LS7
165854,LS3
165855,LS4
165856,SH1
165858,PE2
165859,PE7
165860,PE5
165862,SH6
165863,PE1
165865,LS5
165870,PE5
165872,LS5
165877,PE3
165878,PE1
165879,SH4
165881,SH3
165882,PE1
165884,PE10
165885,PE7
165887,LS5
165891,SH1
165893,SH5
165896,PE1
165897,LS5
165898,LS1
165899,LS7
165901,SH2
165902,LS4
165903,LS6
165905,PE1
165906,PE4
165907,PE5
165909,SH4
165910,PE9
165911,PE6
165913,LS1
165914,SH1
165916,LS8
165917,PE6
165919,SH3
165921,PE7
165923,LS3
165925,LS4
165927,SH2
165928,SH3
165930,LS4
165931,PE1
165932,PE5
165933,PE8
165934,LS1
165935,LS6
165936,PE8
165938,SH3
165942,LS9
165944,PE3
171889,PE3
165946,PE5
165948,LS9
165949,PE8
165950,PE4
165951,PE3
165952,LS4
165953,LS2
165954,LS1
165956,SH2
165957,LS5
165958,SH2
165959,PE3
165961,PE2
165962,PE6
165965,LS2
165966,LS4
165967,PE4
165968,LS8
165970,PE4
165972,PE5
165973,PE7
165974,PE6
165975,SH2
165977,SH3
165978,PE4
165979,PE7
165981,PE3
165982,SH2
165983,LS1
165985,PE1
165987,PE4
165989,LS8
165990,PE9
165991,LS5
165992,PE4
165994,LS1
165997,PE3
225745,LS5
176388,PE2
166001,LS8
166002,PE4
166003,SH2
166005,LS2
166012,LS6
166013,SH6
166015,LS7
166016,PE8
166018,LS6
166019,PE9
166020,PE2
166021,LS5
166023,LS7
166024,PE1
166027,PE8
166028,PE6
174772,LS5
166030,LS6
166032,SH5
166033,LS8
166034,LS4
166038,SH2
166041,LS3
166042,LS3
166043,PE3
166044,LS7
166046,SH2
166049,PE2
166052,PE10
166055,LS3
166057,SH4
166058,PE3
166059,PE8
166062,PE2
166064,LS7
166065,PE6
166067,LS2
166069,SH4
166072,PE9
166073,LS6
166076,PE6
166077,PE8
166080,LS5
166081,SH5
176349,LS4
166083,SH5
166085,LS4
166086,PE8
166087,LS4
166089,PE3
166090,PE2
166091,PE2
166093,LS8
166097,SH6
166100,SH2
166102,PE7
166103,SH2
166104,SH4
166105,LS5
166106,PE3
166107,PE5
166109,SH4
166115,PE6
166116,LS7
166118,SH5
166120,SH2
166122,LS9
166124,LS4
166125,PE2
166126,LS8
166127,PE3
166129,PE9
166130,PE9
166132,SH3
166133,PE6
166134,SH2
166136,SH3
166138,LS6
166141,PE6
166142,SH2
166143,SH6
166144,PE8
166145,PE4
166146,PE5
166149,LS8
166151,LS1
166152,PE9
166154,PE6
166156,LS8
166160,LS3
166162,LS2
166163,PE9
166164,SH1
166166,PE2
166167,LS5
166168,LS2
166170,PE1
166171,SH6
166173,PE5
166175,SH2
166176,SH5
166178,LS6
166179,LS9
166181,PE3
166182,SH3
166184,LS8
166188,PE1
166189,LS3
166190,LS3
225687,SH4
166192,LS8
166194,LS1
166195,PE2
166196,SH1
166197,PE8
166198,PE4
166201,LS5
166203,PE9
166204,LS1
166206,LS7
166207,PE6
166208,SH3
166209,SH6
166210,PE7
166211,PE8
166212,LS7
166213,PE10
166214,PE10
166215,LS3
166216,SH3
166217,LS6
166218,PE6
166219,LS5
166220,LS8
166221,PE10
166222,SH5
166223,LS6
166224,PE3
166225,PE2
149003,ID1
156255,ID1
166228,PE5
166229,PE3
166230,PE3
166231,LS4
166232,PE1
166233,LS2
166234,LS7
166235,PE2
166236,PE1
166237,PE10
166238,LS8
166239,PE8
166240,LS2
166241,LS8
166242,LS1
166243,LS6
166244,LS8
166245,LS3
166246,PE2
166247,PE2
166248,PE4
166249,PE5
166250,SH6
166251,PE6
166252,SH2
166253,LS8
166254,PE10
166255,PE3
166256,PE5
166257,LS4
166258,SH5
166260,PE3
166261,LS1
166262,PE3
166263,SH6
166264,SH6
166265,PE3
166266,PE10
166267,PE3
166268,LS2
166269,LS7
166270,PE5
166271,SH1
166273,SH3
166275,LS9
166276,LS2
144354,ID1
166278,LS6
166279,SH1
166280,PE5
166281,PE8
166282,LS5
166283,PE3
166284,PE5
166285,LS7
166286,PE8
166287,LS5
166288,LS8
166289,LS3
166290,LS8
166291,PE3
166292,SH4
166293,LS3
166294,SH5
166295,LS3
166296,LS2
166297,SH1
166298,LS5
166299,PE5
166300,LS3
166301,LS1
166302,PE8
166303,PE9
166304,LS6
166305,SH1
166306,PE5
166307,LS5
166308,SH4
166309,LS6
166310,SH5
166311,PE2
166312,PE2
166313,LS1
166314,PE8
166315,LS1
166316,SH4
166317,PE4
166318,LS5
166319,SH4
166320,PE1
166321,LS4
166322,PE5
166323,LS2
166324,LS2
166325,LS7
166327,LS7
166328,LS3
155588,ID1
166330,LS8
166331,LS7
166332,LS4
166333,LS8
166334,PE8
166335,SH6
166336,PE8
166337,PE1
166338,LS4
166339,LS6
166340,PE5
166341,LS2
166342,LS1
166343,PE9
166344,PE4
166345,PE10
166346,LS4
166347,PE8
166348,SH6
166349,SH4
166350,SH5
166351,SH3
166352,PE1
166353,PE2
166354,PE3
166355,PE3
166356,PE2
166357,LS9
166358,LS8
166359,LS5
166360,PE7
166361,LS7
166362,PE10
166363,LS4
166364,LS7
166365,PE8
166366,PE1
166367,LS5
166368,PE1
166369,PE9
166370,PE5
166371,LS3
166372,PE8
166373,PE6
147833,ID1
166375,PE5
166376,PE8
166377,LS5
166378,LS9
166379,LS2
166380,PE2
166381,LS5
166382,PE2
166383,PE8
166384,SH5
166385,LS5
166386,PE6
166387,PE1
166388,LS1
166389,PE6
166390,LS8
166391,LS1
166392,SH2
166393,PE3
166629,PE1
166394,PE10
166395,SH2
166396,LS9
166397,PE7
166398,PE4
166399,SH4
166400,PE1
166401,PE5
166402,PE1
166403,PE10
166404,PE5
166405,PE8
166406,LS1
166407,PE1
166408,LS2
166409,LS5
166410,PE8
166411,PE5
166412,LS2
166413,PE1
166414,PE3
166417,PE8
166418,PE9
166419,PE5
166420,LS2
166421,LS2
166532,ID1
165998,ID1
166424,PE10
166426,PE7
166427,PE5
166428,LS5
166429,PE7
166430,PE2
176269,LS7
166432,LS1
166433,SH5
166434,SH6
166435,LS1
166436,LS2
166437,LS7
166438,SH2
166439,PE5
166440,PE3
166441,LS1
166442,SH5
166443,LS3
166444,PE1
166446,SH1
166448,LS1
166449,PE4
166450,SH4
166451,LS7
166452,SH6
166453,PE2
166454,LS8
166455,SH4
166456,LS6
166457,PE1
166458,LS5
166459,LS3
166460,LS8
166461,LS5
166462,LS4
166463,LS6
166464,SH4
166465,PE3
166466,LS2
166467,LS4
166468,LS1
166469,LS1
166470,PE4
166471,LS1
166472,LS8
166473,PE10
166474,PE9
166475,PE5
166476,LS6
166477,SH2
166478,PE2
166479,PE8
166480,LS5
166481,LS7
166482,PE1
166483,LS8
166484,PE2
166485,PE6
175753,LS7
166487,LS2
166488,PE2
166489,PE4
166490,LS3
166491,LS8
166492,SH2
166493,PE9
166494,PE4
166495,LS6
166496,PE7
166497,LS7
166498,PE2
166499,PE3
166500,PE2
166501,SH4
166502,LS6
166503,SH1
166504,SH3
166505,PE3
166506,PE6
166507,PE2
220428,LS5
166509,PE4
166510,LS2
166511,LS3
166512,PE9
166513,SH6
166514,SH6
166516,PE2
166517,PE8
166518,LS5
166519,LS8
166520,LS7
166521,LS9
166522,SH5
166523,LS4
166524,PE7
166525,PE2
166526,PE7
166527,LS9
222456,SH6
166529,PE10
166530,LS8
223568,SH5
166533,LS8
166534,PE4
166535,PE2
166536,PE5
166537,PE1
166539,PE4
166540,LS2
166541,LS5
166542,PE5
166543,PE10
166544,SH2
166545,PE2
166546,PE9
166547,LS8
166548,LS1
166549,SH5
166550,LS1
166551,PE10
166552,PE6
166553,LS1
166554,LS1
166555,SH1
222543,LS5
166559,PE3
166560,LS6
166561,SH6
166562,SH2
166563,PE1
166564,PE10
166565,SH3
166566,SH4
166567,LS6
166568,PE2
166569,LS5
166570,PE1
166572,PE2
166573,LS2
166574,LS1
166575,PE7
166576,LS9
166577,LS3
166578,PE7
166579,PE2
166580,PE3
166581,LS3
166582,PE1
166583,SH1
166584,PE1
166585,PE2
166586,PE5
166587,PE2
166588,PE9
166589,SH2
166590,SH1
166591,LS4
166592,LS1
166593,PE10
166594,PE1
166595,LS9
166596,PE6
166597,SH6
166598,LS4
166599,LS6
166600,PE9
166601,PE3
166602,LS4
166603,PE7
166604,PE6
166605,LS6
166606,PE6
166607,SH1
166608,PE4
166609,PE10
166610,LS2
166611,PE10
166612,PE2
166613,LS8
166614,LS1
166615,LS2
166616,SH2
166617,SH1
166618,PE2
166619,PE8
166620,LS1
166621,SH1
166622,PE10
166623,PE8
166624,PE2
166625,PE4
166626,LS5
166627,PE2
166628,LS1
166630,LS7
166631,LS1
166632,PE4
166633,LS4
166634,PE10
166636,SH2
166637,LS1
166638,PE5
166639,PE3
166640,LS7
166641,LS7
166642,PE8
166643,SH6
166644,LS4
166645,LS8
166646,PE4
166647,SH4
166648,PE5
166649,PE9
166650,LS8
166651,LS5
166652,PE8
166653,LS4
166654,PE6
166655,PE3
166656,PE2
166657,PE4
166658,PE1
166659,SH1
166660,LS5
166661,LS5
166662,SH4
166663,PE5
166664,SH4
166665,LS5
166666,PE2
166667,PE10
166668,PE8
166669,LS8
166670,LS1
166671,LS5
166672,SH2
166673,SH3
166674,LS8
166675,PE8
166676,PE5
166677,PE5
166678,PE6
166679,PE9
166680,PE2
166681,PE8
166682,LS1
166683,PE8
166684,PE1
166685,PE2
166686,PE6
166687,LS6
166688,LS5
166689,SH3
166690,PE2
166691,PE7
166692,PE3
166693,LS8
166694,LS6
166695,PE9
166696,PE4
166697,LS8
166698,SH5
166699,PE4
166700,PE2
166701,LS6
166702,LS6
166703,LS7
166704,SH5
166705,LS2
166706,LS2
166707,PE3
166708,PE7
166709,PE2
166710,LS4
166711,PE7
166712,PE6
166713,PE8
166714,PE5
166715,SH4
166716,LS9
166717,LS4
166718,SH2
166719,LS3
166720,LS5
166721,PE5
166722,LS5
164793,ID1
166725,LS1
166726,PE2
166727,PE2
166728,PE6
166729,PE3
166730,PE7
166731,PE3
166732,LS6
166733,PE1
166431,ID1
166735,PE3
166736,LS4
166737,PE1
166738,SH6
166739,LS7
166740,PE7
166741,SH6
166742,LS7
166743,LS9
166744,PE5
166745,PE10
166746,SH2
166748,LS4
166749,PE4
166750,SH6
166751,LS4
166752,PE3
166753,LS3
166754,SH2
166755,LS3
166756,LS2
166757,LS7
166758,PE10
166759,LS4
166761,LS2
166762,LS6
166763,LS4
166764,PE3
166765,LS1
166767,PE5
166768,LS9
166769,SH4
166770,PE8
166771,PE2
166772,PE4
166773,PE10
166774,PE6
166775,LS7
166776,PE7
166777,SH2
166778,PE5
166779,PE9
166780,PE1
166781,SH4
166782,PE2
166783,PE2
166784,LS5
166785,PE2
166786,PE9
166787,LS7
166788,LS8
166789,SH2
166790,SH3
166791,LS9
166792,PE3
166793,PE7
166794,LS4
166795,SH1
166796,LS7
166797,PE6
166798,LS7
166799,PE10
166800,LS6
166801,PE2
166802,PE5
166803,LS7
166804,PE8
166805,PE4
166806,LS1
166807,SH3
166808,PE2
166809,SH4
166810,PE1
166811,LS3
166812,SH1
167393,ID1
166814,LS1
166815,SH1
166816,SH5
166817,PE8
166818,SH2
166819,LS5
166820,PE9
166821,PE1
166822,LS5
166823,LS8
166824,SH5
166825,LS6
166826,SH4
166827,PE7
166828,LS3
166829,PE4
166830,SH2
166831,LS4
166832,PE8
166833,LS4
166834,LS5
166835,PE6
166836,LS6
166837,LS6
166838,LS3
166839,PE7
166840,PE9
166841,LS4
173443,SH5
166843,PE6
166844,PE5
166845,SH6
166846,PE5
166847,PE10
166848,LS1
166850,LS1
166851,LS5
166852,LS8
166853,LS1
166854,SH2
166855,SH3
166856,LS3
166857,PE3
166858,LS2
166859,PE10
166860,PE6
166861,LS4
166862,SH4
166863,PE2
166864,SH4
166865,LS1
166866,LS3
166867,PE2
166868,LS6
166869,LS9
166870,LS4
166871,LS2
166872,LS7
166873,LS9
166874,LS3
166875,LS6
166876,LS7
166877,PE10
166878,PE1
166879,LS5
166880,LS1
166881,SH5
166882,LS2
225711,LS7
166884,LS8
166885,LS8
166886,PE1
166887,PE3
166888,PE8
166889,SH4
166890,LS9
166891,LS1
166892,LS4
166893,SH5
166895,SH2
166896,PE1
225723,LS8
166898,LS1
166899,SH4
166900,LS4
166901,LS2
166902,PE1
166903,LS8
166904,SH2
166906,LS1
166907,PE7
166908,PE3
166909,PE9
166910,SH2
166911,SH5
166912,SH5
166913,PE1
166914,PE8
166915,LS5
166916,PE9
166917,LS4
166918,PE9
166919,LS8
166920,PE3
166921,LS8
166922,LS4
166923,PE6
166924,SH6
166925,PE5
166926,PE5
166927,PE1
166928,LS4
166929,PE8
166930,PE2
166931,PE9
166932,LS5
166933,LS5
166934,SH5
166935,SH5
166936,PE2
166937,PE2
166938,PE3
166939,PE6
166940,SH2
166941,PE4
166942,LS3
166943,PE1
166944,PE9
166945,PE7
166946,LS4
166947,LS6
166948,SH4
166949,LS6
166950,PE1
166951,PE1
166952,LS2
166953,PE8
166954,LS5
166955,PE2
166956,PE9
166957,PE6
166958,PE7
166959,LS9
166960,PE2
166961,LS2
166963,LS9
166964,PE2
166965,LS8
166966,PE4
166967,PE5
166968,PE3
166969,LS2
166970,SH5
166971,LS9
166972,LS1
166973,LS2
166974,PE5
185558,SH6
166976,SH6
174733,PE5
166978,PE1
166979,PE8
166981,SH4
166982,LS2
166983,LS2
166984,PE8
166986,PE7
166987,LS4
166988,PE6
166989,PE8
166990,LS5
166991,LS1
166992,LS2
166993,PE4
166994,PE7
166995,LS3
166996,PE7
166997,SH2
166998,LS3
166999,LS7
167000,PE2
167001,LS2
167002,PE2
167003,LS4
167004,LS6
167005,PE8
167006,PE5
167007,PE4
167008,PE5
167009,LS7
167010,PE9
167011,LS7
167012,LS4
167013,PE10
167014,PE6
167015,SH1
167016,PE7
167017,LS7
167018,PE1
167019,PE1
167020,SH3
167021,SH2
167022,SH6
167023,SH4
167024,PE1
167027,LS4
167028,LS8
167029,PE7
167030,PE2
167031,PE3
167032,LS1
167033,PE6
167034,SH6
167036,SH4
167037,PE6
167038,LS2
167039,PE2
167040,LS1
167041,LS1
167042,LS3
167043,PE2
167044,LS2
167045,PE9
167046,PE5
167047,LS3
167048,PE6
167049,LS2
167050,LS5
167051,SH6
167052,PE4
167053,LS2
167054,SH1
167055,PE5
167056,LS5
167057,LS5
167059,PE7
167061,SH1
167062,PE6
167063,LS5
167064,PE7
167065,PE3
167066,LS5
167067,SH3
167068,LS2
167069,LS7
167070,PE2
167071,PE4
167072,LS6
167073,PE8
167075,PE3
167076,SH2
167077,SH4
167078,PE8
167079,PE9
167080,LS7
167081,PE6
167082,SH1
167083,PE10
167084,PE1
167085,PE1
167086,SH2
167087,LS6
167088,PE8
167089,PE1
167090,PE6
167091,LS8
167092,LS5
167093,LS6
167094,PE3
167095,PE5
167096,SH4
167097,PE6
167098,PE5
167099,LS5
167100,LS6
167101,SH3
167102,LS1
167103,LS2
167104,PE5
167105,PE3
167106,LS6
167107,LS6
167108,SH2
167110,PE6
167111,PE2
167112,SH2
167113,PE3
167114,LS2
167115,PE4
167116,PE6
167117,PE1
167118,PE2
167119,LS2
167120,LS9
167121,PE7
167122,PE6
167123,SH3
167124,PE6
167125,LS6
167126,PE3
167127,PE1
167128,PE8
167129,PE9
167130,LS5
167131,SH1
167132,PE7
167133,LS1
167134,LS1
167135,SH4
167136,SH6
167137,LS9
167138,SH2
167139,LS5
167140,PE1
167141,PE3
167142,LS1
167143,PE1
167144,LS7
167145,SH3
167146,PE10
167148,PE8
167149,PE10
167150,LS3
167151,PE6
167152,PE3
167153,PE9
167154,LS2
167155,PE7
167156,PE2
167157,SH2
167158,PE3
167159,SH6
167160,PE9
167161,PE3
167162,PE10
167163,PE7
185108,LS2
167165,LS6
167166,PE1
167167,PE1
167168,SH1
167169,LS2
167170,SH4
167171,LS9
167172,PE6
167173,LS7
167174,SH3
225691,SH1
167176,LS4
167177,LS3
167178,PE6
167179,LS1
167180,PE5
167181,SH4
167183,SH6
167184,LS9
167185,PE3
167186,PE5
167187,SH1
167188,PE6
167189,PE2
167190,SH2
167191,PE9
167192,PE4
167193,LS7
167194,LS7
167195,PE6
167196,PE5
167197,PE9
167198,PE4
167199,LS5
174732,SH4
167201,PE9
167202,SH4
216540,PE10
167204,SH2
167205,LS7
167206,LS5
167207,LS5
167208,PE9
167209,SH2
167210,LS8
167211,LS6
167212,PE4
167213,LS4
167214,LS6
167215,LS4
167216,SH4
167217,SH4
167218,PE10
167219,SH2
167220,PE7
167221,SH5
167222,LS4
167223,PE3
167224,SH1
167225,PE10
167226,PE8
167227,PE3
167228,SH1
167229,LS3
167230,SH5
167231,PE1
167232,PE3
167233,SH4
167234,SH4
167235,PE10
171055,PE2
167237,SH6
167238,PE7
167239,PE5
167240,PE9
167241,LS4
171963,PE10
167243,SH4
167244,LS1
167245,PE1
222584,LS7
167247,PE5
167248,SH2
167249,PE4
167250,SH6
167251,LS7
167252,PE7
167253,SH6
167254,LS9
167255,PE10
167256,PE5
167257,PE8
167258,PE6
167259,PE5
167260,PE3
167261,PE4
167262,LS8
167263,LS2
167264,LS4
167265,LS5
167266,PE3
167267,PE8
167268,LS2
167269,SH1
167270,LS7
167271,PE3
167272,PE6
167273,LS6
167274,PE5
167275,LS2
167276,LS4
167277,PE5
167278,LS7
167279,PE5
167280,PE1
167282,PE6
167284,LS7
167285,PE2
167286,LS5
167287,PE6
167288,PE6
167289,PE2
167290,LS1
167291,LS2
167292,SH4
167293,SH2
167294,PE2
167295,LS6
167296,PE5
167297,LS2
167298,LS5
167299,PE10
167300,LS1
167301,LS8
167302,LS6
167303,LS1
167304,LS7
167305,LS9
167306,LS5
167307,SH1
167308,LS5
167309,LS5
167310,LS7
167311,PE1
167312,SH1
167313,PE4
167314,PE3
167315,PE3
167316,LS5
167318,SH4
167319,LS7
167320,PE4
167321,PE4
167322,SH1
167323,PE4
167325,LS1
167326,SH1
167327,LS9
167328,PE3
167329,PE6
167330,LS9
167331,PE5
218731,SH2
167333,LS1
167334,PE4
167335,SH5
167336,PE2
167337,LS5
167339,LS7
167340,PE1
167341,LS6
167342,PE4
167343,PE9
167344,PE1
167345,PE9
167346,SH4
167347,PE6
167348,PE4
167349,LS9
167350,LS6
167351,LS9
167352,SH1
167353,PE5
167354,LS7
167355,PE5
167356,LS5
167357,PE2
167358,LS1
167359,LS5
167360,PE4
167361,LS5
167362,PE1
167363,PE9
167364,SH4
167365,SH1
167366,LS8
167367,LS3
167368,LS8
167370,PE6
167371,PE5
167372,PE1
167373,PE5
167375,SH3
167376,LS8
167377,LS5
167378,SH2
167379,PE1
167380,PE5
167381,LS4
167382,LS5
167383,LS4
167384,LS7
167385,SH5
167386,SH1
167387,PE5
167388,LS6
167389,LS3
167390,PE1
167391,LS7
167392,PE7
225721,PE5
167394,PE10
167395,PE2
167396,PE8
167397,PE8
167398,LS7
167399,PE8
167400,LS5
167401,PE4
167402,PE6
167403,SH4
167404,LS3
167406,PE4
167407,PE10
167408,LS7
167409,PE5
167410,PE6
167411,PE3
167412,SH6
167413,SH3
167414,SH2
167415,SH4
167416,LS6
167418,SH3
167419,PE10
167420,SH2
167421,SH6
167422,PE5
167423,SH4
167424,LS7
167425,LS3
167426,PE7
167427,LS7
167428,LS5
167429,PE10
167430,LS1
167431,LS3
167432,PE7
167433,LS7
167434,LS2
167435,SH6
167436,PE6
167437,PE9
167438,SH6
167439,LS2
167440,LS6
167441,SH3
167442,LS7
167443,LS1
176390,LS7
167445,SH4
167446,PE10
167447,PE6
167448,LS7
167449,LS8
167450,LS1
167451,PE4
167452,PE2
167453,SH6
167454,PE4
167455,LS2
167456,LS5
167457,PE5
167458,SH4
167459,PE10
167460,LS6
167461,LS4
167462,LS6
167463,SH4
167464,LS2
167465,PE1
167466,LS1
167468,LS2
167469,LS5
167470,SH3
167471,LS3
167472,LS8
167473,LS1
167474,PE6
167475,PE8
167476,PE3
167477,LS8
167478,SH5
167479,SH2
167480,LS4
167481,LS7
167482,LS4
167483,PE3
167484,PE6
167485,LS1
167486,LS4
167487,LS2
167488,LS7
167489,LS5
167490,PE5
167491,LS6
224036,PE2
167493,LS7
167494,PE4
167495,LS9
167497,SH2
167498,LS2
167500,SH1
167501,LS1
167502,LS9
167505,PE8
167506,SH2
167507,SH4
167508,PE6
167509,PE5
167510,PE5
167511,PE3
167512,LS2
167513,PE8
167514,PE2
167515,SH2
167516,LS4
167517,PE5
167518,PE7
167519,PE4
167520,LS2
167521,PE8
167522,LS7
167523,PE6
167524,PE6
167525,PE10
167526,PE5
167527,SH5
167528,PE1
167529,PE3
167530,PE4
167531,LS5
167532,SH6
167533,PE1
167534,PE6
167535,PE2
167536,PE2
167537,PE1
167538,LS2
167539,LS4
167540,PE1
167541,PE3
167542,LS9
167543,PE7
167544,SH6
167545,SH6
167546,PE8
167547,PE10
167548,PE4
167549,LS3
167550,SH6
167551,PE4
167552,PE6
167553,SH4
225724,PE2
167555,PE10
167556,LS4
167557,SH2
167558,PE10
167559,LS6
167560,PE2
167561,PE10
167563,PE5
167564,SH1
167565,PE1
167566,LS9
167567,PE2
167568,LS5
167569,LS3
167570,LS5
167571,LS5
167572,LS7
167573,SH5
167574,PE2
167575,PE2
167576,PE7
167578,PE4
167579,LS6
167580,PE2
167581,PE2
167582,PE1
167583,PE8
167584,SH4
167585,LS1
167586,PE3
167587,LS5
167588,LS5
167589,PE2
167590,PE1
167591,PE2
167592,LS9
167593,PE8
167594,PE10
167595,LS7
167596,PE6
167597,LS5
167598,PE2
167599,PE3
167600,PE7
167601,PE3
167602,SH2
167603,PE6
167604,LS8
167605,LS7
167606,LS2
167607,PE9
167608,PE6
167609,LS9
167610,LS5
167611,PE6
167612,PE7
167613,LS3
167614,SH2
167615,PE5
167616,PE1
167617,SH2
167618,LS1
167619,LS3
167620,SH6
167621,LS4
167622,SH2
167623,PE3
167624,PE4
167625,SH1
167626,LS5
167627,LS8
167628,PE2
167629,LS6
167630,PE2
167631,LS3
167632,PE4
167634,SH4
167635,PE6
167637,PE6
167638,PE5
167640,LS5
167641,PE3
167642,PE2
167643,LS3
167644,LS5
167645,PE5
167646,LS1
167647,LS1
167648,PE1
167649,PE2
167651,LS7
167652,LS5
167653,LS2
167654,PE1
167655,LS2
167656,PE4
167657,PE2
167658,PE1
167659,LS4
167660,PE9
167661,SH1
167662,LS3
167663,LS5
167664,PE5
167665,PE4
167666,PE4
167667,SH2
167668,SH3
167669,LS1
167670,PE6
167671,SH2
167672,LS7
167673,PE2
167674,SH4
167675,LS7
167676,LS5
167677,LS6
167678,SH5
167679,PE5
167680,LS1
167681,LS9
167682,LS4
167683,PE1
167684,LS5
167685,LS1
167686,PE8
167688,LS3
167690,LS9
167691,LS3
167692,LS7
167693,PE4
167694,LS5
167695,PE2
222278,PE4
167697,PE3
167698,PE1
167699,LS5
167700,PE2
167701,PE3
167702,LS4
167703,PE1
167705,SH4
167706,LS6
167707,LS1
167708,PE4
167709,SH1
167710,PE6
167711,LS1
167712,PE10
167713,PE8
167714,PE10
167715,PE9
167716,PE2
167717,PE4
167718,SH4
167720,LS4
167721,PE6
167722,LS3
167723,LS1
167724,PE7
167725,SH4
167726,LS1
167727,PE6
167728,PE3
167729,LS4
167730,PE5
167731,PE6
167733,PE9
167734,LS2
167735,LS8
167736,LS3
167737,SH6
167738,PE6
167739,SH4
167740,PE8
167741,SH4
167742,LS3
167743,SH3
167744,PE6
167745,LS1
167746,SH1
167747,PE9
167748,LS1
167749,PE6
167750,LS7
167751,LS4
167752,LS6
167753,PE5
167754,PE3
167755,SH4
167756,PE6
167757,PE7
167758,LS3
167759,PE3
167760,SH2
167761,LS2
167762,LS5
167763,SH2
167764,PE5
167765,PE1
167766,PE7
167767,PE4
167768,PE6
167769,LS7
167770,LS2
167771,SH4
167772,PE1
167773,PE3
167774,PE6
167775,SH1
167776,PE10
167777,LS1
167778,PE4
167779,SH2
167781,SH1
167782,LS6
167783,PE8
167784,SH4
167785,PE10
167786,PE3
167787,LS3
167788,SH4
167789,PE8
167790,PE3
172182,PE2
184928,PE4
222132,PE2
172222,PE9
174022,PE3
172440,LS3
225730,PE10
225677,SH4
173457,PE1
220514,PE2
174778,LS3
225680,SH2
225732,LS7
171961,LS3
225668,LS7
174869,SH5
216689,SH1
170358,LS9
224091,SH5
175053,LS7
225719,PE2
225710,SH4
172596,LS7
185631,PE7
175671,PE6
221257,LS4
185408,SH5
223858,PE7
185625,SH6
170555,PE2
219714,PE5
175878,LS7
217875,PE8
225729,SH3
171013,SH2
220274,SH6
216543,PE6
220551,PE3
225749,PE7
222471,PE4
221518,PE7
216084,PE9
184769,PE7
185380,SH4
173959,PE2
174828,LS3
217857,SH5
225731,PE6
225707,LS9
173411,PE1
225713,LS7
174920,PE6
185399,LS3
184777,LS2
172888,LS8
216553,SH2
216525,LS4
217829,PE4
225722,PE8
221535,LS7
184889,LS6
171435,PE10
225714,PE8
225728,PE6
225725,PE1
184472,SH3
225684,PE6
217856,PE10
225715,PE8
223220,LS7
185567,PE4
184758,LS2
225726,LS4
223515,SH6
176302,PE8
175528,LS1
170435,PE2
215490,PE8
225737,PE10
216264,SH2
172031,PE2
171914,PE5
171137,PE7
221617,SH4
217485,LS9
222366,LS7
221009,PE2
184750,LS4
217554,PE9
184753,SH5
184754,SH3
184755,LS6
184756,PE5
184757,LS7
184765,PE5
184768,LS2
184774,PE2
184775,LS8
184778,PE6
184780,SH1
184783,SH1
184784,LS5
184785,PE6
184786,PE5
184813,PE6
184814,PE1
184815,PE5
184715,PE7
184816,PE4
184817,PE10
184818,PE2
184819,PE5
184820,PE6
184821,PE8
184822,PE7
184823,PE9
184873,SH2
184874,PE10
184875,LS6
184877,SH2
184878,PE10
184880,SH5
184882,SH4
184885,SH6
184886,SH2
184887,SH5
184888,PE10
184890,LS1
184891,PE8
184892,LS2
184894,LS1
184897,PE8
184854,PE1
184900,SH6
184922,PE3
184924,PE1
184925,PE1
184926,PE4
184927,PE8
184929,PE5
184930,LS8
184932,LS9
184933,LS2
184934,PE7
184935,PE9
184936,LS4
184938,PE2
184939,PE10
184940,PE7
184942,PE8
184945,SH5
184946,PE7
184947,LS1
185600,LS4
185602,LS9
185603,PE4
185604,LS4
185607,LS6
185608,PE7
185609,PE3
185610,PE5
176252,LS6
185606,LS5
185612,LS8
185613,LS5
185614,SH3
185615,PE6
185616,LS1
185617,PE4
185618,SH6
185620,SH1
185624,PE3
185627,PE8
185628,LS5
185630,SH2
185632,LS3
185633,SH6
185635,PE3
184948,PE9
185636,SH2
185637,LS3
185638,SH2
185639,PE2
185640,PE9
185643,PE4
185644,LS8
185634,LS5
185645,PE1
185646,LS3
185647,PE1
185648,SH5
185649,PE10
185650,PE6
185651,PE9
185653,PE2
185655,SH1
185656,PE2
185657,LS9
185658,PE3
185659,PE6
185660,LS7
185661,LS1
185662,SH2
185663,LS2
185664,SH4
185665,PE10
185666,SH6
185667,SH1
185668,LS4
185669,SH5
185671,PE2
215282,PE3
215284,LS6
215286,PE8
215287,PE6
215288,LS7
215289,PE5
215291,PE8
215292,LS9
215293,LS8
215296,PE2
215297,LS8
215298,SH2
215299,LS5
215300,SH5
215301,PE10
215303,LS7
215304,PE2
215305,PE8
215306,LS6
215307,PE6
215308,SH6
215309,LS8
215311,SH6
185674,SH6
185675,PE10
185676,PE10
185677,PE1
185679,LS3
185680,LS9
185682,PE5
185683,SH1
185673,LS8
185684,PE2
185685,LS6
184943,PE6
184949,PE9
215385,SH2
215386,LS6
215387,LS7
215388,SH5
215389,LS8
215391,LS1
215392,PE6
215394,LS5
215395,SH5
215396,PE10
215397,PE4
215398,SH4
215400,LS4
215401,PE5
215405,SH4
215406,LS6
215408,PE1
215410,SH5
215411,PE3
215412,SH6
215413,LS2
215414,SH4
215415,LS9
215417,PE7
215418,LS4
215419,PE8
215420,SH4
216161,SH4
215475,LS7
215476,SH4
215477,SH4
215480,SH1
215481,SH5
215482,LS7
215484,LS7
215485,SH4
215486,LS5
215487,LS7
215489,LS5
215491,SH4
215492,LS2
215494,LS7
215495,LS7
215496,PE6
215497,LS7
215493,LS2
215498,SH4
175362,LS7
215860,LS5
215861,SH5
215862,PE10
215863,PE5
215864,PE3
215865,PE9
215867,LS1
215869,SH5
215870,LS3
215857,LS6
215872,LS5
172885,PE3
215966,LS5
215967,PE3
215968,PE5
215970,SH4
215972,LS5
215973,LS4
215976,LS5
215977,SH4
215978,PE9
216022,LS7
216023,PE5
216031,PE6
216056,SH5
216002,PE8
216057,PE6
216043,PE5
216094,PE5
216117,PE10
216120,PE2
216143,PE3
216145,PE2
216147,PE1
216157,PE5
216158,SH2
216159,PE10
216160,LS9
216173,PE2
216175,PE10
216176,LS1
216178,PE8
216179,PE3
216180,PE7
216182,LS5
216183,LS5
216184,PE10
216186,LS9
215728,LS9
216187,PE7
216188,PE4
216230,LS3
216232,PE5
216234,SH1
216251,LS2
216252,PE3
216254,LS9
216255,PE7
216256,PE4
216257,PE7
216258,PE10
216259,LS1
216260,PE4
216265,PE5
216266,PE2
216386,LS5
216387,LS7
216388,LS6
216389,SH1
216390,SH3
216415,PE1
216417,PE5
216418,SH4
216413,LS6
216419,SH4
216420,LS4
216421,PE6
216422,PE6
216424,LS1
216425,PE10
216426,PE5
216517,SH6
216518,PE5
216520,PE2
216523,SH5
216537,LS1
216538,PE5
216541,PE6
216544,PE4
216547,PE2
171860,SH1
216191,SH4
216548,LS6
216549,LS7
216550,SH1
216552,SH6
216554,PE5
216555,PE1
216556,PE2
216557,PE7
220016,LS7
216558,SH2
216559,PE4
216560,PE3
216561,SH2
220017,LS7
220021,LS3
220022,LS8
220024,PE2
220031,SH2
220032,PE9
220035,LS5
220036,SH5
220040,LS6
220043,LS5
220044,LS5
220045,PE3
220046,LS9
216675,LS6
216684,PE8
216687,SH3
216688,PE5
216690,PE8
216691,SH5
216693,PE6
216694,LS9
216695,LS9
216697,LS3
216700,PE5
216701,PE2
216707,PE8
216708,SH4
173025,PE2
217479,SH4
217481,LS2
217482,LS5
217491,LS7
217493,LS4
217511,PE9
217512,PE2
217508,SH1
217513,SH4
217515,PE6
217517,PE5
217518,PE6
217519,PE4
217521,SH1
217523,PE10
217524,LS3
217525,LS5
217526,PE6
217527,PE5
217529,LS6
217531,LS1
217534,PE8
217536,SH1
217538,LS6
217539,PE4
217546,PE8
217547,LS4
217549,PE4
217550,PE5
217552,LS5
217537,LS5
217553,SH4
217559,LS7
217560,SH3
217563,PE9
217564,SH6
217565,LS5
217567,PE9
217568,LS5
217558,SH2
217569,LS7
217739,PE1
217742,PE4
217812,SH1
217823,LS1
217824,LS3
217827,SH3
217830,SH1
217832,SH2
217848,SH5
217850,LS5
217852,PE6
217855,PE2
217859,LS2
217860,PE8
217861,PE8
217862,SH1
217863,PE1
217864,PE5
217866,PE3
217868,PE7
217870,LS4
217872,SH6
217873,SH4
217874,SH4
217887,PE1
217889,PE6
217978,SH2
217986,PE6
217991,SH3
217992,PE10
217995,PE9
217996,LS5
217998,SH2
217999,LS2
218000,PE5
218003,PE4
218004,PE4
218006,PE3
218007,PE6
218008,PE7
218010,PE9
223503,LS5
218011,LS1
218016,LS7
184944,PE8
218017,PE7
171056,LS1
218060,PE4
218062,LS5
223514,SH4
218065,PE4
218066,PE1
223519,LS5
185516,SH2
223520,PE1
223521,SH4
223522,PE4
223523,PE5
223524,LS7
223525,LS1
223526,SH6
223527,PE1
223531,PE7
223532,PE8
223533,PE5
223534,PE3
223535,PE8
223536,PE5
223537,PE10
223538,LS8
223539,PE6
223540,PE8
223542,SH6
218242,LS6
218245,SH3
218248,PE10
218249,PE7
218250,SH6
218254,PE6
218255,PE7
218257,LS8
218259,PE3
218260,SH4
218263,PE10
218264,PE2
223544,PE3
218265,LS6
223545,PE7
218266,LS5
218268,PE4
223547,LS5
218269,LS2
218272,LS7
218273,LS5
218274,PE10
218275,LS7
218276,SH6
218277,PE9
218278,SH4
185629,PE5
185654,LS8
218281,PE2
218282,PE4
218283,PE6
218285,LS7
218286,PE1
218288,PE7
218289,PE2
218290,PE9
218291,PE3
218292,PE7
218293,PE1
218294,PE8
218295,PE6
218297,PE10
218298,PE4
218299,PE5
218300,PE6
218301,LS8
218302,PE9
218303,PE1
223548,LS5
223549,SH4
223550,SH2
223552,PE8
223554,SH5
223555,PE5
223556,LS9
223557,LS9
223558,SH6
223559,PE7
223560,PE7
223561,PE4
223562,PE6
223563,PE6
223564,LS5
223565,LS8
223567,PE2
223569,SH4
218720,SH5
218722,LS4
218723,LS2
218725,LS6
218727,LS7
218728,LS4
218729,SH1
218730,PE9
218732,PE3
218733,PE4
218734,SH1
218735,PE3
218738,PE1
218739,PE9
218740,PE8
218742,PE9
221841,PE6
172611,LS3
218743,PE5
218744,PE5
218745,PE5
218746,SH3
218747,PE3
218749,PE8
218750,LS5
223570,SH5
173375,LS9
173372,PE6
223577,PE1
223578,PE6
223581,SH2
223582,LS7
223584,PE1
220244,PE8
220245,LS5
220246,SH6
223594,PE10
218910,LS7
218911,PE1
218913,LS7
218915,LS4
218916,LS5
218918,LS7
218919,LS8
218920,LS7
218921,LS8
218922,SH1
218923,SH5
218924,SH2
218925,LS9
218928,PE9
218934,PE5
218935,LS9
173371,SH5
175361,PE7
220262,PE3
220266,PE5
220268,LS9
223607,LS4
223608,SH4
223610,PE7
223611,LS2
223613,LS4
223616,LS7
219058,SH5
219059,LS5
219062,SH5
219064,LS4
219065,PE7
219067,LS7
219069,LS4
219071,SH2
219072,PE2
219076,LS8
219078,SH5
219079,SH6
219082,PE3
219083,LS5
219084,LS4
219085,PE8
219090,PE9
219091,LS5
219093,LS2
219094,PE1
219096,PE4
219099,PE6
223643,SH2
223644,SH2
223645,SH3
223646,LS7
223648,LS7
215971,PE2
216069,SH6
223650,PE7
223651,LS1
223658,PE5
223659,PE10
223660,PE9
223662,LS9
223663,PE8
223669,LS2
219376,SH5
219379,SH2
219381,SH3
219392,LS9
219393,SH4
219396,LS1
219398,PE8
223677,SH2
219399,LS4
219400,PE2
219402,PE5
219403,SH5
219404,PE2
219406,PE9
219409,PE7
223685,PE6
223699,PE7
219688,PE3
219692,LS1
219697,PE4
219698,LS9
219701,SH6
219702,SH6
219703,LS1
219704,LS1
219706,PE6
219708,SH5
219709,SH6
219712,PE6
219713,PE4
219715,LS9
219719,SH3
220405,SH6
220411,SH2
220412,PE7
220413,LS2
220414,SH1
223724,PE7
220417,SH4
220418,SH4
220419,PE6
220420,LS6
220421,PE8
220424,PE3
220425,PE8
220426,SH3
220429,PE6
220430,LS3
220433,LS2
223727,PE9
220445,PE5
220455,PE5
223741,PE4
223742,SH1
220515,SH3
220516,PE4
220518,LS8
220520,PE8
220521,PE5
220522,LS8
220524,SH4
220525,LS8
220526,PE8
220540,PE10
220541,PE1
220543,PE1
220548,PE8
220552,LS9
220606,LS1
220609,LS4
220610,PE6
223749,PE9
220620,PE10
220621,LS6
220631,LS4
220633,SH2
220634,LS5
220635,PE10
220636,PE2
220682,PE2
220684,PE9
220685,PE6
220686,PE5
220695,PE9
185069,SH6
220712,PE1
220716,PE10
220717,SH4
220719,SH6
220720,SH6
220722,PE4
220724,LS8
185071,LS7
220728,PE5
220729,PE5
185073,PE4
185074,LS2
185061,SH4
220732,PE4
220733,PE2
220734,SH4
220735,LS6
220736,PE10
220737,PE9
220738,LS8
220739,PE5
220740,PE3
185075,SH4
220741,PE2
220742,PE4
220743,PE10
185076,SH3
220744,PE2
220745,PE4
185077,SH3
185079,PE3
185080,SH2
223768,SH5
185082,LS7
185083,LS2
185085,PE6
185087,SH4
185088,PE8
223776,LS3
185090,LS1
185092,LS9
185095,PE5
223783,LS4
185096,LS5
185097,LS1
174782,LS6
185100,SH1
185101,SH1
185102,PE4
185103,SH2
185104,LS3
220913,PE8
220915,LS7
220919,SH1
220920,LS8
185105,SH5
220921,LS7
220922,LS6
220923,SH1
220924,LS5
185106,LS3
185107,LS8
220925,PE8
220926,SH5
220927,LS7
220929,LS9
220930,PE5
185113,PE1
223796,PE5
220981,PE8
220982,PE1
220983,LS1
220984,PE6
220985,PE6
220986,SH2
220987,PE3
220988,SH5
220990,SH5
220991,PE10
220992,PE6
220993,PE7
220998,PE5
221000,LS3
221003,PE10
221004,PE7
221005,PE10
221006,PE1
221007,SH6
221008,PE8
221010,LS2
221013,LS6
221014,PE5
175612,SH3
185114,SH2
174689,PE1
223803,LS5
223805,PE5
223807,PE9
185115,SH2
174662,LS2
185116,PE3
223817,SH2
223820,PE6
173458,SH6
185118,PE7
175428,LS2
175618,PE6
185119,LS4
175862,LS9
221161,PE2
221864,LS3
221869,PE6
221171,LS2
221872,SH1
221181,PE3
221183,PE4
221184,LS8
221185,SH4
221186,LS5
221187,LS5
221188,PE4
221189,PE4
221880,PE8
221192,LS9
221887,PE6
221889,LS7
221898,PE8
221240,PE7
221242,SH6
221244,SH3
221245,SH4
218658,PE10
221246,LS6
221247,LS9
218657,PE6
221249,LS2
221256,SH4
218634,SH3
221258,SH1
221259,SH3
218633,SH4
221262,LS6
221263,PE8
221264,LS8
221265,LS3
221267,SH2
221914,SH5
221268,PE5
221269,LS1
221270,PE6
221271,LS7
221272,LS8
221273,SH2
221274,SH4
221276,LS7
174890,SH2
175356,PE5
221294,LS8
221297,SH1
221298,PE3
221300,PE1
221301,PE9
218656,PE6
221304,PE6
174678,LS4
221305,PE2
221306,LS4
221307,SH5
221308,SH1
221309,PE3
221311,SH5
221313,LS1
218655,PE3
221315,PE9
221316,PE2
218629,LS2
221317,LS7
221318,PE4
221319,LS7
221320,PE10
221321,LS3
221322,PE8
221323,LS8
221324,PE3
221325,PE9
221326,LS6
221327,PE5
221328,PE6
221330,PE9
173447,PE10
175027,LS8
221989,LS9
174742,LS4
173442,PE1
221992,PE10
222004,SH2
222006,PE2
222008,PE3
222010,PE8
222011,SH1
174859,LS3
218604,PE8
218589,PE9
218566,SH3
218457,LS5
218581,PE8
218519,SH4
218437,LS5
222054,SH1
218547,SH5
222055,PE9
218546,LS5
218597,LS6
218419,SH4
218540,SH6
221499,LS8
223840,SH2
223841,SH4
223842,LS1
221510,PE10
223850,LS7
223851,PE6
223853,SH6
223854,LS8
223856,PE4
223857,PE10
221519,PE2
223862,PE6
223865,PE8
223867,PE5
223870,SH2
223873,PE9
221528,LS5
221539,LS1
221546,LS4
221554,PE2
221560,SH5
221565,PE10
223880,LS9
221568,LS8
221569,PE5
221570,SH2
221571,SH2
221572,LS3
221573,LS9
223886,PE2
221576,PE2
221579,PE7
221580,PE8
221581,PE4
218578,LS9
223888,PE2
218468,SH2
223894,PE1
223896,LS7
173438,LS9
223902,PE4
174755,PE3
173437,LS1
173436,PE9
185130,PE1
221587,SH5
221606,SH4
185132,PE10
221643,LS5
221662,LS4
221678,SH3
221684,LS3
185135,SH1
185136,LS1
221704,LS5
221709,LS5
174032,PE1
221746,LS8
224034,PE7
224046,LS8
224049,PE7
224050,PE7
224051,SH2
221778,LS7
221783,LS7
224058,PE6
221787,LS7
224062,PE9
224064,PE5
224065,PE3
224067,PE6
224068,PE4
224069,SH4
224071,PE10
224072,LS8
224074,PE3
224076,LS5
224078,LS1
224080,PE9
221811,PE7
224085,SH4
185139,LS2
224093,PE3
221829,PE7
185140,LS5
224095,PE3
185141,PE3
221848,LS7
221849,SH6
221850,SH4
221851,SH2
173981,PE3
221852,LS5
221853,PE8
221857,SH2
221834,SH5
221858,SH2
224108,PE9
224111,PE2
224112,SH1
224114,LS9
224113,PE8
224120,SH3
224121,LS8
173474,PE6
224122,PE6
174707,PE3
185142,LS6
172046,LS6
185143,PE8
174047,PE5
174040,PE4
172036,SH4
171096,PE10
171998,PE8
224153,SH6
224154,SH3
173974,PE6
171986,PE2
171984,LS7
173973,PE6
173464,PE2
174038,PE8
224163,LS9
171966,PE5
224164,PE9
173462,LS3
224167,PE5
171968,PE6
171967,LS7
174673,LS2
174036,LS5
173970,PE7
171964,PE10
224169,LS7
224171,SH2
171958,LS2
224173,PE3
224176,LS8
224177,SH5
174034,PE1
171953,PE8
171952,PE1
171951,PE2
224178,LS8
171950,LS1
224179,PE2
170074,SH5
171949,PE3
171948,LS7
171944,PE10
171943,PE10
170160,LS1
171941,LS3
171940,PE8
170158,PE5
173456,PE3
174019,PE7
174018,PE6
171925,LS7
173453,LS1
171922,PE4
171919,PE4
171918,PE8
171915,LS5
171911,PE7
171910,PE9
176268,PE10
173979,PE2
173955,LS1
171909,LS4
173954,PE9
171906,LS5
173953,PE10
171903,PE10
171902,PE9
171898,LS5
173952,PE3
174016,PE2
171897,SH2
170107,PE8
173951,PE9
171895,PE5
171894,LS8
171893,LS1
174014,LS1
170101,PE7
173940,SH4
174013,PE4
174012,PE1
173939,PE5
171888,SH3
173938,PE7
173445,LS7
171886,PE6
174009,PE9
170087,PE8
174007,LS3
173444,PE2
174006,PE9
171879,LS9
171878,LS2
170138,LS3
171876,PE6
171870,SH1
174005,PE4
171861,LS7
174004,PE8
171872,PE4
171873,PE8
174003,PE7
171868,PE5
174002,PE6
173440,PE1
174001,PE2
169646,LS6
174000,PE5
171867,PE2
171866,LS5
171865,PE3
173993,PE8
173928,PE3
173992,PE3
171863,SH6
224224,LS3
171862,PE10
171857,PE5
171858,LS8
171855,PE6
171856,LS5
173990,PE2
171827,SH4
171460,PE4
173884,LS3
173410,PE4
173882,PE4
173405,PE8
173403,PE10
173404,PE3
173880,SH2
173399,PE8
171433,SH3
171431,LS2
171432,PE8
173879,PE3
173876,PE10
171427,PE6
171426,LS9
173394,PE7
173393,LS1
173389,SH3
171424,SH5
173388,SH1
171370,PE6
173872,PE1
173385,LS2
173380,LS5
173381,LS1
171366,PE1
173835,PE10
171367,LS3
173383,PE6
173832,LS5
171368,PE3
173373,PE9
171369,PE8
170592,PE5
173831,PE4
169785,PE2
173870,PE4
173828,PE8
170926,PE6
170994,PE6
173356,PE10
173869,PE4
171040,LS1
173354,LS1
170448,LS6
173353,LS1
172602,PE5
172632,PE9
170933,PE9
217489,LS6
172599,LS8
172598,SH5
172628,LS3
184791,PE3
172587,PE7
185642,LS7
185652,PE1
216231,PE8
216146,PE9
216705,PE5
216672,LS4
215302,PE5
215409,PE5
215285,LS1
216032,LS7
215488,SH3
216025,SH3
220628,LS7
220997,LS9
216539,PE1
217815,PE1
217871,PE7
218241,LS3
218251,LS8
219063,PE10
219077,PE3
219087,PE5
171913,LS5
174888,LS2
171955,LS8
175358,PE5
174686,LS5
173941,LS2
175395,LS2
173384,PE2
171989,SH5
173387,PE5
173396,PE6
173382,PE2
173378,PE9
175805,PE3
174664,LS4
175670,SH3
173370,LS8
175397,PE5
173367,PE7
173366,PE2
174992,PE7
174663,SH6
173364,SH2
173363,PE2
174963,LS5
173360,PE4
173359,SH6
174753,LS9
173358,PE4
175504,LS3
173357,PE7
171942,PE4
219375,PE1
219383,LS3
219717,LS3
172516,PE6
172515,PE8
219407,PE3
174017,PE8
174984,LS3
176289,SH3
173409,PE4
173406,PE5
176291,LS2
176365,SH6
173407,PE5
174792,PE7
174913,LS8
176403,SH1
173398,PE1
174011,PE3
176402,PE6
175434,PE8
174829,PE2
174980,PE6
174723,LS2
174944,PE5
176326,PE6
175062,SH6
174713,LS5
174972,PE4
174679,SH5
175023,LS5
176373,SH3
175036,SH2
174973,LS7
176368,PE3
184883,LS3
175384,LS6
174893,PE8
171995,LS8
176375,SH4
175703,LS4
174660,PE7
175034,LS9
175865,SH5
184923,LS5
174726,LS6
216116,LS2
175567,PE8
176400,LS8
174981,SH2
175876,PE3
175436,LS7
175621,PE3
175864,LS6
174901,SH2
174889,LS7
174783,PE10
216696,SH2
216699,PE3
216686,LS1
216185,LS8
215295,PE7
217556,LS2
217557,LS4
217541,LS3
219385,LS9
217543,SH6
216263,PE5
217989,LS8
217819,SH6
217825,LS7
175350,SH6
217826,LS2
174811,SH2
174945,PE8
175031,LS5
176271,PE5
176332,PE1
175790,PE8
174843,LS6
217858,PE6
175432,SH1
174927,PE6
174738,PE7
174745,PE9
174879,LS5
176369,SH4
176348,PE9
174756,LS2
176273,PE8
175883,LS1
175647,LS9
174698,LS4
176260,LS9
174887,PE2
175352,PE6
174705,LS7
217867,PE6
174719,LS5
217993,PE6
175417,LS8
176294,PE5
175727,LS1
218009,PE7
218012,LS6
218061,LS8
218244,PE9
218246,SH3
218256,PE4
218258,PE10
171853,LS6
218262,PE2
176393,LS4
174856,SH1
175466,SH2
174978,LS8
174910,SH2
174803,LS2
174741,LS7
175043,SH2
175708,SH6
174703,SH6
174717,SH4
174942,LS4
175552,LS6
174865,SH6
175426,SH4
176399,PE2
171864,PE6
174651,SH4
172481,PE4
174881,SH4
174682,LS6
174812,LS4
172480,PE2
175481,PE6
175463,PE2
218748,PE7
176276,SH3
174774,LS3
176362,PE8
175783,PE8
175702,PE8
218917,SH5
174646,SH2
174857,LS2
170231,SH5
174690,LS8
218929,PE7
174808,LS2
175835,LS7
174775,PE4
219055,PE5
219081,LS8
175415,PE8
174929,PE10
174706,LS7
174827,PE3
175016,LS3
174716,PE4
174675,PE8
174750,PE6
176370,PE3
173926,PE4
176401,PE1
172013,LS1
174989,LS2
174708,PE8
174650,PE3
174657,LS2
176308,LS8
176318,LS9
176258,LS3
174998,LS9
175530,SH5
174906,LS7
171934,LS1
173450,SH6
225637,SH5
175024,LS6
185383,PE7
175634,PE1
176381,PE1
176257,PE1
176288,PE10
225638,LS1
174864,LS3
174685,LS6
225640,LS1
175656,LS9
174974,PE10
225641,SH2
174644,SH1
175419,SH1
174740,SH4
174791,LS3
175665,PE7
174878,PE8
175564,LS3
174640,LS1
175061,PE10
174659,SH1
225645,PE9
176380,LS8
174751,PE5
175050,PE8
225646,SH2
225647,SH4
225649,PE5
225656,SH4
225657,SH3
225658,LS7
215294,SH1
174915,PE5
176366,LS4
225662,LS5
225664,LS8
172474,SH6
216029,PE10
172473,PE2
216071,PE3
216546,LS9
174936,SH4
176384,LS7
176280,LS4
174896,LS5
174904,LS4
174696,LS5
185109,LS1
174836,LS8
174852,PE9
176358,PE10
176254,LS9
176363,SH6
176285,LS5
174922,LS7
175418,LS7
175791,LS6
175390,SH6
174880,SH2
174941,PE7
175486,PE10
175055,SH2
176397,LS7
176360,LS7
175625,LS8
175759,LS8
217548,LS4
174702,LS9
176315,LS9
174728,PE1
174674,LS6
174986,PE5
175056,LS4
176314,PE4
174658,PE1
174815,LS1
176304,SH4
176249,LS7
174886,PE7
175454,PE9
223843,LS1
223845,LS3
223846,PE6
223852,SH3
223855,LS1
223859,PE7
223860,PE3
223861,SH5
223863,PE8
223864,LS5
223868,PE9
223869,PE8
223871,LS5
217562,PE8
223872,PE7
223874,LS9
173452,LS8
223875,PE1
223876,LS2
176321,LS6
223877,PE5
223878,SH1
223879,LS3
223881,PE4
223882,PE3
223883,PE4
223884,PE3
223885,PE8
176259,SH2
176391,LS7
223887,LS8
223889,PE5
223890,LS3
223891,PE9
223892,SH6
223893,PE4
223895,LS7
223897,LS2
223898,PE6
223899,PE10
223900,PE7
223901,PE6
219710,PE9
219390,PE2
219408,PE7
175653,LS2
174718,SH4
176347,LS3
176396,LS7
174841,LS5
176316,LS7
176333,LS7
175333,LS6
175008,PE9
175659,LS7
174931,SH4
176343,LS4
174953,SH4
175407,PE1
224033,LS9
175002,PE8
174793,LS4
176261,SH4
174819,LS4
176311,LS5
176283,PE6
224037,LS7
224038,SH5
175440,PE3
224039,SH6
175692,LS8
176281,PE10
176337,SH5
174948,LS2
174715,SH4
174681,LS7
224040,SH1
224041,SH4
224042,PE10
224043,LS8
224047,LS4
224048,LS9
224052,LS7
224053,LS8
224055,LS6
224056,PE5
175599,SH2
174905,SH3
224057,PE4
174647,PE9
175684,LS5
224059,SH5
176303,LS8
224061,LS2
224060,LS4
176341,LS7
176296,LS5
224063,PE2
224066,PE5
174680,LS7
224070,PE2
174721,SH4
175622,SH1
174763,LS4
224075,LS1
224077,LS6
174961,LS5
224079,LS2
224082,PE2
175057,SH3
224083,SH5
176300,SH1
175331,LS7
224084,PE4
224086,LS3
176361,PE2
174923,SH2
174975,SH3
175029,SH2
224087,PE5
224088,SH6
224089,LS8
224090,PE3
224092,PE2
174736,SH6
224094,PE3
174954,LS6
174935,LS2
224096,PE1
224097,PE8
174697,LS6
224098,LS7
224099,PE5
224100,PE7
174694,LS4
176247,PE3
174826,SH4
175452,LS3
174691,PE4
224101,PE2
224102,PE6
224103,PE6
224104,PE7
224105,SH6
175471,SH6
224106,LS2
175046,PE1
165833,LS4
224107,LS3
224109,PE3
224110,PE8
176398,PE3
174940,LS7
175585,LS8
224115,PE8
224117,PE3
174748,PE6
224118,SH4
174866,SH2
224119,PE6
175487,PE2
175592,LS7
174785,LS6
174648,SH1
175707,LS6
176355,LS7
175686,LS3
174671,LS8
224155,LS7
175534,SH2
174692,LS5
176367,SH5
176272,SH4
176346,PE9
175409,SH3
175411,LS9
175405,LS7
174839,LS7
175575,LS5
176371,LS8
174872,LS4
174795,PE2
176251,PE7
176338,LS9
175750,PE10
175004,PE6
174710,LS1
175787,LS9
176329,LS7
174725,PE1
174695,LS6
174987,PE4
174916,PE9
175507,LS7
176328,LS7
175366,LS5
175003,SH4
175359,LS6
175037,SH1
175732,LS6
175598,LS6
174985,LS5
174928,LS6
176513,SH4
174799,PE2
176404,PE4
174976,LS5
224162,PE1
171619,PE9
176275,SH6
174898,LS1
171932,PE5
171929,LS4
172869,SH1
172868,LS7
172867,LS6
173317,PE8
221860,PE9
172866,SH2
173288,PE3
173282,LS3
172865,SH4
173278,PE2
172864,LS9
172863,LS2
173259,LS9
221885,LS3
173240,PE9
174653,SH4
172448,PE2
176394,LS4
173192,PE4
173319,SH6
172446,PE8
172443,LS9
174010,PE7
174699,LS4
174796,SH6
169683,PE4
173095,PE8
174914,PE2
172862,SH2
172860,LS5
173083,PE9
172859,LS4
173062,PE6
173032,PE2
173061,PE9
173015,PE3
173056,PE3
173049,PE1
173009,SH5
173048,LS8
173007,LS1
169670,LS9
172995,PE9
172994,PE1
172993,PE1
172992,PE3
172991,PE1
172987,SH5
172986,PE1
172985,PE4
172984,PE5
172983,PE3
172982,PE7
172981,PE3
172980,PE1
172975,PE2
172974,PE5
172973,PE9
172972,PE6
172965,LS5
172964,PE8
172963,PE10
172947,PE5
172946,PE1
172945,SH3
172944,LS1
172943,PE3
172941,LS8
172940,PE2
172939,PE2
172938,PE3
172937,PE9
172936,LS1
172927,PE8
172917,SH1
172916,PE5
172915,SH3
172858,LS5
172912,PE7
172911,LS9
172910,PE8
172906,PE4
172904,PE8
172856,PE8
172891,PE2
172887,LS9
172886,LS1
172855,SH4
172854,LS8
172853,LS8
172852,SH2
172851,SH5
172850,SH4
172849,SH2
172848,SH4
172847,LS4
172845,LS7
175060,LS5
172838,SH2
172823,LS4
172814,SH5
222093,LS9
172788,LS7
172785,LS3
172784,PE7
172790,LS8
172775,SH1
172767,LS5
172783,SH1
222094,LS8
172766,SH3
172781,LS4
172780,SH1
172753,LS5
172779,LS3
172733,SH5
172778,LS9
172731,SH4
172777,SH1
172729,SH6
172776,LS5
172725,SH2
172774,SH5
172723,LS6
172773,LS7
172720,LS5
172770,PE10
172718,LS5
172769,PE6
172768,PE10
172706,LS4
171854,PE7
173434,PE10
173412,PE2
222133,LS6
222142,SH3
222143,LS8
222144,PE7
222145,PE8
222146,SH5
222147,LS1
173401,PE6
222158,LS3
222171,SH3
222172,LS9
222173,SH6
222174,PE10
222175,LS6
222176,PE10
222193,LS9
222194,PE7
222195,LS5
222196,LS5
222197,PE10
171428,PE5
222198,LS6
222199,PE2
222201,LS4
222202,PE10
173365,PE7
222220,PE7
222230,LS5
222231,LS1
222232,LS6
222234,PE8
222235,LS6
222236,PE2
222242,PE8
222245,PE1
176274,LS2
222247,PE3
173467,PE1
222260,PE7
222265,PE4
174884,LS1
222277,PE8
175042,LS8
176330,LS2
175400,PE8
222303,LS4
220030,LS2
172782,LS3
220033,LS1
222312,SH5
222315,SH4
222316,LS3
222317,LS5
222318,PE3
172414,PE5
222323,PE9
222324,PE5
222325,LS8
222326,PE10
222327,LS3
222328,LS2
222329,PE3
222331,PE10
222332,LS9
222333,PE7
222334,PE4
222335,SH6
222336,PE7
222337,PE2
222338,PE4
222339,LS7
222340,LS5
222341,LS2
222362,LS2
222363,PE5
222364,PE10
222365,PE3
222367,SH6
222368,PE2
222369,LS6
222370,LS9
222371,PE6
222392,PE5
222393,LS4
222394,LS5
222452,PE10
222453,LS9
222454,SH1
222455,SH5
222457,PE2
222458,SH3
222459,PE7
219397,LS5
222461,PE6
222473,PE1
222474,PE8
222475,PE8
222476,PE7
222477,PE3
222478,PE9
222479,PE7
222480,SH5
185110,PE4
222530,LS3
222531,PE5
222532,PE10
222533,LS2
222534,LS9
222535,PE2
222536,PE6
222537,LS8
222538,PE1
222539,PE1
222540,PE1
222541,PE6
222542,PE3
222544,LS8
222545,LS2
222546,PE1
222547,PE6
222548,LS5
222549,PE5
222550,LS2
222551,PE9
222553,PE1
185375,LS4
185376,SH6
222557,SH4
185381,PE7
222558,PE7
222560,SH1
222562,SH6
185382,LS3
185384,LS7
185385,LS7
185387,PE3
185388,SH3
222573,SH3
222574,SH3
222575,LS4
222576,SH3
222577,LS3
222578,PE6
222579,SH5
222580,LS4
185395,PE4
185398,SH2
185400,PE2
185401,PE3
185402,PE10
185404,PE10
185405,LS6
185406,SH5
185407,LS5
222581,SH5
222582,SH5
222583,SH3
185409,LS4
185410,SH2
185411,LS3
185412,LS9
184682,LS4
222598,PE5
222599,LS8
222600,LS7
222602,LS3
222603,SH3
222604,PE5
222605,SH6
222606,LS5
222609,SH2
185416,SH4
185421,PE2
222652,SH6
222653,LS1
222654,PE4
222655,PE3
222656,PE1
222657,LS8
222658,PE4
222659,LS4
222660,PE6
222661,PE5
222662,PE2
222663,PE3
222664,PE8
222665,PE9
222666,SH2
222667,LS7
222668,LS1
222669,PE5
172394,LS8
185426,SH6
185417,PE10
185427,PE5
185428,PE7
185429,PE9
185431,SH2
185432,LS4
185434,LS4
185435,PE8
185436,PE2
185437,SH5
185438,LS3
172392,PE7
222709,PE5
222710,LS8
222712,SH6
222713,PE6
222714,PE9
222715,SH6
222716,PE1
222717,LS7
222718,PE4
222719,PE4
172391,PE6
174991,SH1
170923,PE5
176335,LS4
176324,SH2
175854,LS8
172629,PE6
185513,PE6
185514,PE10
185515,PE6
172793,SH6
185518,SH4
173318,PE9
222952,PE5
222953,PE1
222954,LS1
222957,PE10
222959,PE3
220404,LS1
223007,LS4
223012,SH6
223016,SH3
223017,LS1
223018,SH1
223019,PE1
223020,PE8
223021,PE4
223023,LS3
223024,PE4
223047,SH6
223049,SH6
223050,LS2
223051,SH2
223052,LS2
223053,SH5
223054,LS4
223055,LS6
223056,PE7
223057,LS7
223058,SH3
223059,SH4
223071,SH6
185519,SH3
223072,SH2
223073,PE3
223074,SH5
174844,LS4
173258,PE5
223076,PE10
174667,LS7
223077,LS7
223078,PE9
185520,LS5
185521,LS5
185525,LS7
185526,PE9
223079,LS6
223080,LS3
185527,SH2
185529,SH3
185534,SH2
171437,LS4
175015,SH1
223104,LS1
173395,LS8
223105,LS4
176317,LS4
176255,SH5
223106,PE6
223107,PE9
176309,LS9
223108,SH3
175371,LS9
223109,LS6
223110,LS5
169786,LS1
223111,LS5
173392,SH4
223112,LS4
223113,PE3
223114,LS5
185535,SH2
174642,LS5
223115,SH4
223116,SH1
223117,SH2
185539,PE10
223118,PE5
223119,PE7
223120,PE8
223121,SH3
171430,LS3
173402,PE10
173885,LS3
223139,LS2
223140,LS4
223141,PE4
223142,SH3
176245,SH1
172857,LS6
223143,PE6
223144,PE9
223145,LS7
169789,LS1
223146,PE2
223147,LS2
223149,LS4
174969,LS7
223150,PE9
223151,SH4
223152,SH3
223153,PE4
223154,SH4
223155,SH5
176345,LS2
223156,LS2
171425,LS6
185542,SH4
185543,PE7
185544,LS7
172361,LS8
185545,PE8
185546,SH1
185548,PE8
185549,SH5
185550,LS6
185552,PE1
185553,SH2
185554,SH4
185559,LS9
185560,LS4
185561,LS5
185556,SH2
185562,LS4
185565,SH4
185566,SH4
185568,LS4
185571,PE9
185572,LS5
185574,PE4
185577,LS3
185578,SH4
171436,LS5
172358,LS5
176509,LS5
175018,SH4
174655,SH6
223182,PE4
176266,LS4
223184,PE5
223185,SH4
223186,PE2
223187,PE2
223188,LS6
174825,SH4
223189,LS1
223190,LS3
223191,LS7
223192,LS6
223193,SH5
223194,SH5
223195,LS7
223196,LS5
223197,PE10
175608,LS5
223198,SH2
223199,PE5
223200,PE7
176293,LS8
223201,SH6
223202,PE9
176264,LS7
223218,PE8
223219,PE5
223221,PE8
223222,PE1
223223,LS8
223224,PE7
223225,PE6
223226,SH4
223227,LS6
223228,PE10
223229,LS1
223230,LS9
223231,LS8
223232,SH2
223247,PE2
223248,PE6
223249,SH2
223250,LS9
223251,SH3
223252,PE3
223253,PE1
223254,SH4
223255,PE7
223256,LS7
223257,PE2
223258,PE6
223259,SH2
223260,PE5
223261,SH2
223262,SH4
223263,LS5
223264,SH3
175340,LS2
170387,LS8
223314,PE10
171905,SH2
171908,LS1
171885,LS8
171935,LS9
173459,SH5
176359,SH6
171882,LS6
176267,LS8
174837,LS7
171959,LS7
223380,SH1
223381,SH4
223382,LS7
171930,LS5
223383,PE6
174015,SH2
223384,SH6
223385,LS5
223386,SH1
223387,SH3
171924,LS4
223388,LS6
223389,SH1
170129,PE3
223390,LS7
223391,SH4
223392,LS2
223393,SH1
223394,PE6
171947,LS6
223397,LS3
173463,LS1
171900,LS9
223410,LS5
223415,LS9
171912,SH2
173972,PE5
176299,SH2
172014,SH3
171917,LS5
175587,SH4
174873,SH2
185112,PE7
171937,LS4
171892,LS2
171880,LS9
171836,LS4
171916,LS4
171927,LS5
217535,LS8
185072,SH4
171954,LS3
171920,LS2
171939,LS5
173449,SH6
175007,LS7
174033,LS9
171877,LS9
175054,SH2
216522,SH2
215868,LS3
217490,LS7
216163,SH4
215156,LS3
184558,PE2
216521,LS4
216027,LS7
185425,LS4
185419,PE5
216235,LS7
216028,SH2
217488,SH4
184898,PE3
185538,SH4
185393,SH4
184776,PE6
170398,SH3
185392,PE8
185386,LS8
184773,LS9
184779,PE9
185517,PE4
185391,LS9
185555,SH2
185117,PE5
185563,SH2
185301,SH5
184508,PE5
184770,PE3
184781,PE1
184782,LS8
184787,PE2
184513,LS7
185413,PE6
215399,SH1
217483,SH5
170298,LS2
184893,PE9
185547,SH4
217817,PE2
185570,PE10
184772,PE5
184495,LS7
185389,PE10
218287,PE10
170892,PE7
185524,PE5
185377,LS6
185530,LS7
185379,PE10
185378,SH5
184760,LS2
170510,LS4
184476,PE7
184879,PE9
170979,SH2
184460,LS6
185091,SH4
185084,LS5
185070,LS7
184383,PE3
172427,SH6
171111,LS1
184481,SH3
184762,LS4
184459,LS5
185528,LS5
185501,SH1
185533,SH4
184763,SH5
185078,LS7
170948,SH2
185093,SH2
170428,LS5
173374,LS8
172393,SH1
184474,PE7
171830,LS7
185422,LS1
215384,PE6
172326,PE2
217814,PE5
185564,LS7
185532,LS5
185576,LS8
184884,LS1
185512,PE5
185365,PE6
184466,SH6
185641,PE5
185523,PE6
184881,PE9
221015,PE8
220294,LS8
219394,SH2
219401,PE1
219389,PE10
220270,SH4
173379,PE9
219092,LS3
219086,PE3
170788,SH6
218741,PE8
220637,LS4
170727,SH4
220639,SH5
172316,LS3
220267,LS9
220630,SH1
219391,LS3
172314,LS7
170590,PE1
184518,SH6
171078,PE2
219718,LS3
176253,PE3
172315,LS7
215390,SH6
176344,LS1
174672,LS2
172409,SH1
220037,PE5
172415,LS1
176265,LS7
172498,LS9
175519,PE5
220627,LS2
220278,PE8
220038,LS5
176319,PE5
172597,LS3
220273,PE10
172630,PE5
220029,PE4
172645,LS2
218014,PE3
220265,PE4
174955,SH6
219707,PE6
220281,SH5
174933,PE2
172272,SH4
172298,LS8
172271,PE9
218932,SH5
220271,LS8
220622,LS8
220034,PE3
224165,PE8
224166,LS6
224170,PE8
224172,PE8
224174,LS5
224175,LS3
224180,PE4
220047,PE5
219705,PE3
165999,ID1
155605,ID1
164981,ID1
164546,ID1
164406,ID1
164156,ID1
147957,ID1
166897,ID1
166227,ID1
167317,ID1
155277,ID1
165742,ID1
156297,ID1
150541,ID1
166128,ID1
166508,ID1
164399,ID1
164807,ID1
164496,ID1
164608,ID1
166977,ID1
167200,ID1
156976,ID1
167164,ID1
160191,ID1
165663,ID1
164704,ID1
167246,ID1
167492,ID1
157027,ID1
166734,ID1
152558,ID1
167444,ID1
164918,ID1
164874,ID1
150540,ID1
164330,ID1
167175,ID1
148324,ID1
150520,ID1
166980,ID1
164738,ID1
149079,ID1
166558,ID1
159535,ID1
152420,ID1
148128,ID1
166422,ID1
164813,ID1
166191,ID1
165291,ID1
165179,ID1
147385,ID1
165807,ID1
166486,ID1
165474,ID1
166277,ID1
167554,ID1
155603,ID1
166528,ID1
167236,ID1
166374,ID1
165945,ID1
156294,ID1
155682,ID1
164780,ID1
164224,ID1
144191,ID1
165671,ID1
160111,ID1
167332,ID1
164797,ID1
143770,ID1
165011,ID1
165607,ID1
159873,ID1
144304,ID1
164312,ID1
149014,ID1
166724,ID1
165599,ID1
166029,ID1
219716,LS3
219097,SH1
172472,PE6
220039,PE7
172240,PE7
219405,PE10
220279,LS4
219711,SH3
220272,LS4
174862,PE4
171155,PE6
173466,PE6
185439,LS5
173184,LS2
171936,PE7
174020,PE1
171931,PE3
171907,PE6
170161,PE9
171884,PE5
171890,PE2
218719,PE3
216189,PE5
174008,PE1
217566,PE6
171429,PE5
173871,PE5
217997,LS7
220019,PE5
219066,SH3
218726,SH4
169790,PE8
173874,PE2
216261,PE3
173873,PE6
217847,PE8
216083,PE2
172187,PE3
172360,PE2
170442,PE6
216692,LS5
220018,SH2
176342,SH5
173441,PE6
173391,PE2
172450,PE2
176378,LS3
172357,PE10
172467,PE8
216142,PE1
172228,LS8
172227,LS9
172226,PE7
216174,PE5
218271,SH1
175000,LS2
174770,PE4
220025,PE7
172225,PE4
217878,LS3
172223,PE7
220023,SH3
220247,SH3
216177,PE7
174735,PE3
217987,PE9
174654,LS2
174734,SH2
175005,SH4
218247,LS5
221840,LS5
220020,SH3
219384,LS3
218909,LS4
217869,PE8
217851,PE8
217516,SH5
217570,PE6
219380,SH3
217876,SH6
219378,SH4
176290,LS9
217849,PE2
170269,LS5
184554,PE3
218261,LS7
219689,PE8
174882,PE6
218906,PE10
176382,PE6
218721,SH4
219061,SH4
216703,PE9
172192,PE5
176374,LS7
174668,PE2
174899,PE9
176353,PE5
217879,PE10
217484,LS4
172189,PE4
172188,LS4
176364,SH6
172186,PE2
172185,LS1
176295,SH5
217520,PE3
176389,SH1
172175,PE2
217522,PE8
218252,PE4
172176,PE10
218912,PE8
172177,PE7
216542,PE8
217533,PE2
217877,LS5
185120,PE6
176372,PE1
176277,PE6
217530,PE5
174939,LS4
217561,PE7
219382,SH6
220452,PE1
220532,PE9
173439,SH5
173451,LS2
221302,LS6
221303,PE8
221310,LS4
221312,LS7
218628,SH6
185094,LS7
218015,PE2
221332,PE7
218058,PE8
218529,SH6
174048,PE1
221533,LS1
218253,PE9
221536,LS6
221574,SH3
221578,SH5
218476,LS7
221611,LS4
221781,SH2
220422,LS9
220423,PE2
218284,PE9
220427,PE7
220431,PE10
220432,SH1
220517,LS8
221172,LS6
221173,SH4
218296,PE8
221260,LS7
185531,SH4
221266,SH3
221275,SH2
218632,SH2
218405,SH3
221500,LS2
221541,LS6
221558,SH1
221559,SH2
221561,PE2
221562,PE9
221563,SH5
221564,SH6
185575,SH2
221707,LS8
221241,PE5
218635,SH4
221248,SH4
171977,PE5
173971,PE8
218479,LS2
174744,SH6
173461,PE2
171960,PE4
173455,PE6
225635,PE8
225636,PE4
225639,SH1
225642,PE3
225643,LS7
225644,PE9
225650,SH2
225651,LS6
225652,LS4
225653,PE2
225654,PE4
225655,PE8
225659,SH6
225660,LS6
225661,PE2
225663,PE8
225666,SH1
225667,SH2
225669,PE2
225670,SH5
225671,PE2
225672,LS7
171933,PE6
173957,PE4
173956,PE6
216524,SH3
171928,PE6
185433,PE7
170759,LS4
170990,LS3
170882,PE10
184484,SH2
171887,PE3
170359,PE3
173937,PE8
170711,PE1
170433,LS6
171881,PE2
170913,SH2
170382,SH5
171095,SH5
171439,PE1
171874,PE6
170494,PE3
170973,PE4
170922,PE3
174876,PE7
219690,PE7
171103,LS6
176506,LS1
173413,PE6
171138,SH5
170723,LS7
170905,LS2
176246,PE6
185681,PE4
170584,LS5
170793,LS2
170533,PE6
174848,PE10
173397,PE9
175678,PE1
173390,PE3
173834,PE4
170506,SH6
171132,SH1
170943,PE10
171054,PE1
171085,PE2
174849,LS6
174711,LS8
173377,PE1
170645,PE3
170551,PE1
173355,PE2
173460,PE1
175047,PE6
170907,SH3
175001,PE2
174877,PE3
219694,LS8
173386,PE8
173361,PE4
170573,LS2
170526,PE7
174962,PE5
170823,PE2
174731,PE10
176263,PE5
174712,PE5
170862,PE4
176340,PE10
176312,PE5
174983,PE8
174760,PE3
175879,PE8
176256,PE1
174769,PE3
174951,PE10
219696,PE3
176298,PE7
174911,PE7
174902,PE2
174982,PE2
170492,LS4
170983,PE6
170976,PE7
170426,SH5
170281,PE6
170483,LS7
170367,PE3
170402,LS4
170578,LS2
170794,SH5
170522,SH1
170761,LS5
171106,LS7
169442,SH6
170807,SH1
170673,SH4
171026,LS8
170683,LS5
170752,LS9
172942,PE6
170566,SH4
172926,PE4
170762,LS5
170800,LS7
170988,PE1
170458,PE3
172458,PE3
172499,PE8
172191,LS7
172183,PE10
172181,PE9
171065,SH6
171122,PE5
170868,PE8
171036,PE3
170968,PE4
170833,LS2
170813,LS2
170403,SH6
170674,LS5
170658,PE9
170595,PE2
170987,PE2
170829,PE6
170819,PE5
170509,PE5
171038,PE3
170740,LS8
170607,PE8
170875,LS3
171094,PE9
170597,PE1
171139,LS8
170560,PE2
170550,LS7
171076,PE6
171086,PE6
170399,LS6
170440,SH1
170604,PE4
175369,LS2
172441,PE8
172184,PE4
171161,PE5
170666,PE1
170912,PE4
173376,PE6
173408,PE5
176310,LS7
170513,PE6
172426,PE2
170691,PE1
170625,PE4
170415,PE2
170959,PE5
170501,PE5
170668,PE3
170434,PE6
170857,PE7
184552,PE2
184761,LS8
218630,PE3
185390,SH6
185541,LS3
185551,LS7
185557,PE1
172633,LS8
175548,SH3
171901,PE5
172411,LS6
173936,PE5
173978,PE7
173883,PE9
176327,PE2
171434,PE1
173878,PE4
173875,PE3
169787,PE7
173369,PE9
173368,PE6
173454,PE2
174752,PE3
175470,PE5
175551,PE3
173400,PE9
219695,LS2
174743,PE3
174816,PE4
174039,PE9
174037,PE1
176286,PE5
175038,PE3
176270,LS3
176510,LS5
176334,PE8
171965,PE8
175484,PE1
176339,PE3
176386,PE2
175376,PE5
174676,SH4
175464,PE8
175846,PE3
171602,PE8
170151,PE5
173960,PE2
173316,PE9
173008,PE5
172976,PE2
172928,PE4
172871,PE1
172750,PE4
172195,PE2
171938,PE4
218724,SH4
218737,LS2
218907,LS9
218914,SH2
218926,SH6
218927,PE6
218930,PE1
218933,SH5
219056,LS6
219057,PE3
219060,LS4
219074,PE2
219080,LS4
219088,PE8
219089,LS1
219095,PE2
219098,LS1
216128,LS8
216115,PE4
216702,PE1
216704,SH2
216698,PE1
216685,PE6
216676,PE2
216706,PE1
215944,PE8
215871,LS7
216024,SH5
220042,PE2
220263,PE7
220269,LS7
217555,PE1
217551,PE3
217544,PE6
217514,LS6
217994,SH4
217977,PE6
217988,SH2
215483,PE1
220280,LS7
216551,PE5
220041,SH3
216416,LS8
220293,SH6
220402,PE7
220406,LS6
220415,PE2
220536,PE8
220538,PE3
220550,LS1
217542,LS8
220553,PE2
220605,SH6
220607,PE4
220608,LS7
220611,SH5
220616,PE4
220623,SH5
220624,PE10
220626,SH4
220629,SH5
220632,PE9
220640,PE5
218018,PE1
218013,PE10
220726,PE1
220914,SH6
220994,PE4
220996,LS3
221001,PE6
221002,PE3
221011,PE5
217532,LS1
221016,LS9
221833,PE6
217461,SH3
217976,LS2
221835,PE3
184456,SH4
184457,LS4
184458,PE7
184461,PE5
184462,SH4
184463,PE10
184464,LS3
184465,LS5
184467,SH4
184468,LS4
184469,SH2
184471,LS2
184473,SH6
184470,SH6
184477,PE6
184478,PE8
184480,SH3
184482,LS2
184483,LS7
184487,PE7
184488,PE10
184489,SH5
184490,PE3
184491,PE6
184492,PE3
184493,PE4
184494,PE9
184486,SH1
184386,PE2
184496,PE9
184497,PE8
215164,LS8
184500,PE3
184501,PE5
184502,PE6
184503,LS4
184504,PE1
184505,PE8
184506,PE7
184507,LS1
184510,PE3
184511,PE2
184512,LS7
184514,PE6
184515,LS2
184516,LS5
184517,LS6
184520,PE5
184521,PE8
184524,PE4
184388,SH6
184525,PE2
184526,LS1
184527,PE10
184548,PE5
184544,PE9
184551,PE8
184553,PE10
184555,PE10
184556,PE5
184557,PE2
184559,PE4
184560,LS1
184561,PE9
184562,PE4
184563,PE1
184564,PE7
221190,PE2
217828,LS4
217831,LS5
217741,LS4
217853,SH1
185397,LS8
185622,SH5
170783,SH1
171926,LS4
172925,PE4
185098,PE8
172861,LS4
173446,PE2
176352,SH2
185522,PE6
171128,LS8
171829,SH4
171921,LS9
171945,SH3
169724,PE4
173829,PE1
215416,LS4
173116,LS3
170416,PE8
173833,PE2
173433,PE6
171970,PE8
171875,PE7
170491,PE6
172457,PE6
173023,PE10
176350,SH1
174817,PE3
170806,SH1
174021,SH6
175355,LS5
176262,LS4
175765,LS6
175629,SH2
175048,PE9
174832,SH4
174758,LS8
176297,LS5
184382,PE1
184522,PE7
184759,LS7
184895,LS6
184896,PE8
184937,SH6
184941,LS1
185081,LS5
185086,LS9
185396,SH1
185420,PE3
185537,SH2
215283,SH4
215407,SH2
215479,SH3
216181,LS8
216262,SH1
216403,PE3
216545,PE9
172889,PE1
176377,LS9
170450,PE8
185111,LS7
216536,PE6
217540,PE7
220625,PE10
221261,LS2
222012,SH2
223022,SH3
223698,LS8
172846,LS5
174688,SH2
175826,LS7
185540,SH5
174959,PE7
185403,PE3
176287,LS8
185672,LS5
222561,SH5
890121,PE8
225470,PE5
889405,LS7
224200,PE8
891067,SH4
885877,PE5
224369,LS3
894440,SH3
889448,PE3
882772,PE2
224447,SH6
224213,LS2
882832,LS1
882857,SH2
882764,PE3
890359,PE6
894402,LS8
883666,PE5
224268,LS5
882836,SH6
882752,LS7
894491,PE4
224322,PE2
224354,LS6
889941,PE7
882762,SH2
225049,PE3
885811,PE1
893950,SH3
224358,LS8
225007,LS2
886512,PE1
224217,PE2
882874,LS1
225475,LS1
891944,SH4
884602,LS7
888337,PE4
887822,SH5
225122,PE4
225123,PE7
224240,LS5
225624,PE3
225062,LS6
225070,PE9
225604,PE3
225074,SH5
225006,PE5
225588,PE4
224475,PE9
225495,PE8
225075,SH6
224440,PE2
225050,PE4
225129,PE2
225066,PE7
224523,SH1
225043,LS1
224362,PE7
225344,PE2
225471,SH4
225342,PE10
224219,LS3
225077,LS5
225496,PE3
224524,SH4
225341,PE1
224515,SH1
225069,PE5
224356,PE9
225047,PE7
225499,SH1
224883,PE6
225040,LS5
224522,LS4
224552,PE10
225602,PE1
225044,PE5
225585,PE5
882758,LS4
882770,SH3
882800,LS6
882794,SH5
882792,LS9
882785,LS4
882817,PE4
882819,SH6
882835,LS8
882826,LS1
882840,PE5
882842,PE6
882846,PE5
882863,LS9
882866,SH4
885777,PE4
883727,SH3
883744,PE7
883790,SH5
885801,PE4
885844,PE1
885951,PE2
885999,PE7
886085,SH6
886065,PE5
886097,PE2
886170,LS8
886176,PE6
886183,PE6
886360,PE6
886403,PE8
886507,PE8
886524,PE4
886533,LS3
886558,PE4
886709,LS5
886726,SH4
886799,LS8
887024,LS1
887030,PE7
887120,SH5
887128,LS9
887182,PE1
887601,PE1
887609,SH2
887763,PE8
887812,PE7
887873,SH4
888018,PE6
888104,PE9
888190,LS8
888351,PE8
888383,PE10
888395,PE3
888632,PE1
888794,PE5
888779,PE6
888896,LS8
889002,PE4
888909,PE10
888929,LS7
888989,PE9
889231,PE3
889196,PE5
889240,PE3
889283,PE9
889391,PE1
889431,LS4
889435,LS8
889680,PE4
889795,PE5
889805,SH6
889949,LS6
890129,PE5
890150,PE10
890462,SH4
890501,PE8
890604,PE4
896221,PE6
890667,SH4
890734,LS5
890918,LS9
890926,LS5
896628,LS1
896649,PE2
882831,PE5
882791,LS7
882810,LS6
882804,SH3
883600,SH2
883660,LS5
884609,SH5
884636,PE9
884606,SH2
884633,SH1
884452,LS1
884532,LS5
885824,PE4
885759,SH3
885619,PE8
886004,PE5
885838,PE2
885624,PE3
886055,PE6
886706,PE9
885792,PE1
886732,PE4
887169,LS4
887334,PE2
887494,PE7
887974,PE5
880927,PE9
888981,PE6
889022,PE7
888786,PE4
889019,SH6
888353,PE2
889211,PE7
888878,PE1
889378,LS8
889801,PE3
889788,PE8
890602,LS2
890456,SH2
896182,PE5
884542,PE6
885642,SH6
885609,PE6
888765,PE3
887820,PE10
889246,PE8
889278,LS5
889957,PE2
896230,PE9
890113,PE8
890930,LS4
894140,PE2
893953,LS3
894408,LS7
894219,SH3
894222,LS4
894230,PE6
894236,SH5
894659,LS7
897787,PE8
224488,PE9
224482,SH4
224485,SH6
224481,PE10
224454,LS4
224438,SH2
224405,PE8
224483,SH2
224453,SH5
224399,SH2
224442,SH3
224435,SH6
224403,SH1
224484,PE5
224451,SH2
224450,LS2
224446,LS3
224441,LS4
224406,LS3
224407,SH5
224409,PE3
224410,PE3
224387,PE10
224209,PE1
224386,SH5
224388,PE2
224384,PE8
224383,PE2
224381,PE3
224263,SH6
224199,SH2
224196,PE4
224210,SH5
224208,PE2
224261,PE6
224221,PE3
224266,SH6
224264,PE10
224262,LS5
224555,PE10
224287,LS8
224284,PE1
224283,PE5
224260,LS5
224215,PE10
224553,PE7
224351,LS4
224233,LS8
224228,PE5
224327,SH5
224324,PE9
224281,PE6
224353,PE6
224234,SH3
224226,PE1
224252,LS8
224205,LS5
224203,PE5
224285,LS2
224320,PE6
224367,PE4
224236,PE6
224329,PE8
224328,PE5
224321,LS3
224366,SH2
224360,PE2
224280,LS8
224350,PE5
224231,SH5
224254,SH5
224250,LS3
224246,SH1
224551,PE8
224368,PE3
224365,LS2
224238,PE7
224237,PE6
224235,PE9
224569,PE3
224220,PE5
224216,PE4
224282,SH2
224355,LS2
224227,PE4
224225,LS9
224256,PE1
224247,LS1
224325,PE4
224361,PE6
224546,LS5
224244,LS8
882754,PE1
882756,PE10
891950,PE7
882766,LS6
882809,PE9
882803,SH2
882851,PE10
882822,LS6
882828,PE2
882798,LS1
882869,SH1
882825,SH2
882797,SH6
882774,PE2
882788,PE4
882750,LS5
882760,PE2
882768,LS4
882776,SH4
882779,SH6
882849,LS2
882838,PE2
882806,PE2
882881,PE7
882876,LS7
882815,SH3
882782,SH1
882856,SH3
882862,SH6
882888,SH4
882812,PE8
883647,PE2
883755,SH4
884536,PE4
885298,SH2
885638,SH2
885645,PE10
886059,SH5
886088,PE6
886092,SH6
886040,SH4
877715,LS9
886047,LS7
885795,PE4
886179,PE8
886073,PE7
885943,PE5
886169,PE5
886521,PE8
886400,PE7
886363,PE2
886495,PE1
886538,PE2
886541,PE7
886530,SH4
886491,LS1
886712,PE7
886501,PE2
886721,PE8
886809,PE5
886806,LS1
887118,SH4
886699,SH3
887116,LS6
887014,SH5
887126,SH5
886896,LS7
886915,SH1
887161,LS7
887184,PE7
887278,LS5
887332,PE7
887403,PE10
887164,LS7
887174,LS1
887441,LS4
887276,LS7
887611,PE5
887758,LS3
887604,SH5
887613,LS2
888027,PE3
887496,PE10
887878,LS8
888076,SH2
887166,LS3
887180,SH5
887328,LS1
887330,PE8
888071,SH6
888934,PE10
887754,SH5
887976,PE3
888034,PE9
888915,PE10
888975,PE8
888979,PE6
888374,PE8
888379,PE9
888629,PE10
888993,PE8
889010,LS8
888784,SH6
888533,LS5
888343,SH5
888719,LS3
888365,PE3
888391,PE2
888997,LS9
889012,LS7
888400,PE1
881787,PE3
889550,PE3
889200,LS2
889773,LS7
889420,LS7
889236,LS2
889442,PE2
889782,PE3
889953,PE3
889386,LS4
890355,SH1
889396,SH3
889798,SH1
890609,PE4
890607,LS2
890760,PE6
890680,SH5
890146,PE6
890439,PE6
890452,PE10
878975,LS9
890142,LS5
890447,PE10
890458,LS2
890670,SH3
890677,SH1
890961,PE8
890673,SH4
890924,PE5
890922,LS5
898456,PE2
898458,LS6
898462,LS7
898465,PE6
891162,LS6
898493,PE9
890553,LS7
890557,LS6
898495,SH6
898506,LS7
890103,LS9
890598,LS1
890123,LS3
890138,LS3
891312,SH5
891321,LS1
891323,SH6
891314,SH6
898597,PE6
890916,LS6
890920,PE8
890928,LS6
891299,SH1
881487,PE5
893945,LS8
893947,PE6
894424,LS8
894399,PE9
893956,PE5
894247,LS9
894213,SH6
894225,SH1
894237,LS5
894243,SH6
894314,SH4
894328,SH3
894254,SH5
894288,LS5
894406,PE3
894467,LS6
894228,LS9
894242,LS5
894251,LS4
894442,LS1
894655,LS4
894643,SH2
894580,SH2
894587,LS6
894589,PE2
894330,SH4
894340,LS8
894592,PE6
894602,SH2
894344,LS3
894347,LS7
894350,PE2
894820,PE5
894438,SH2
894747,SH2
894752,PE6
894454,LS7
894483,LS7
895758,LS7
895307,SH3
895723,SH5
896247,LS2
896678,PE5
897682,SH3
897688,LS3
897790,PE7
897799,PE1
897842,SH6
897861,LS7
897881,PE2
897767,LS9
897772,PE8
897782,LS3
898118,SH6
898120,PE10
898122,PE10
224248,PE6
224251,LS1
224357,PE7
224402,PE3
224382,LS2
225061,PE6
224436,PE8
224884,PE6
225041,PE7
225068,LS5
224363,SH1
224218,PE10
224232,PE3
224241,PE9
224242,PE2
224243,LS8
224249,PE8
224258,LS3
224265,LS7
224267,LS1
224269,LS4
224286,LS6
224289,LS9
224288,LS3
224323,SH2
224326,SH1
224359,PE3
224364,LS4
224385,PE10
224401,PE1
224404,PE7
224437,SH4
224439,PE3
224443,SH5
224445,LS8
224444,SH2
224448,SH3
224449,LS4
224473,LS6
224474,SH4
224486,SH6
224554,PE10
224559,LS9
224202,SH1
224201,LS6
224206,PE9
224211,LS2
224214,PE10
224229,PE7
225046,SH4
225039,PE7
225048,PE10
225064,LS1
225498,PE4
225586,PE1
225591,SH5
225595,PE8
225596,PE8
224557,PE1
225079,PE8
